Workbook

Sheet 真實IC
A1: Real
B2: Time | C2: 2013/12 | D2: 2014/01 | E2: 2014/02 | F2: 2014/03 | G2: 2014/04 | H2: 2014/05 | I2: 2014/06 | J2: 2014/07 | K2: 2014/08 | L2: 2014/09 | M2: 2014/10 | N2: 2014/11 | O2: 2014/12 | P2: 2015/01 | Q2: 2015/02 | R2: 2015/03 | S2: 2015/04 | T2: 2015/05 | U2: 2015/06 | V2: 2015/07 | W2: 2015/08 | X2: 2015/09 | Y2: 2015/10 | Z2: 2015/11 | AA2: 2015/12 | AB2: 2016/01 | AC2: 2016/02 | AD2: 2016/03 | AE2: 2016/04 | AF2: 2016/05 | AG2: 2016/06 | AH2: 2016/07 | AI2: 2016/08 | AJ2: 2016/09 | AK2: 2016/10 | AL2: 2016/11 | AM2: 2016/12 | AN2: 2017/01 | AO2: 2017/02 | AP2: 2017/03 | AQ2: 2017/04 | AR2: 2017/05 | AS2: 2017/06 | AT2: 2017/07 | AU2: 2017/08 | AV2: 2017/09 | AW2: 2017/10 | AX2: 2017/11 | AY2: 2017/12 | AZ2: 2018/01 | BA2: 2018/02 | BB2: 2018/03 | BC2: 2018/04 | BD2: 2018/05 | BE2: 2018/06 | BF2: 2018/07 | BG2: 2018/08 | BH2: 2018/09 | BI2: 2018/10 | BJ2: 2018/11 | BK2: 2018/12 | BL2: 2019/01 | BM2: 2019/02 | BN2: 2019/03 | BO2: 2019/04 | BP2: 2019/05 | BQ2: 2019/06 | BR2: 2019/07 | BS2: 2019/08 | BT2: 2019/09 | BU2: 2019/10 | BV2: 2019/11 | BW2: 2019/12 | BX2: 2020/01 | BY2: 2020/02 | BZ2: 2020/03 | CA2: 2020/04 | CB2: 2020/05 | CC2: 2020/06 | CD2: 2020/07 | CE2: 2020/08 | CF2: 2020/09 | CG2: 2020/10 | CH2: 2020/11 | CI2: 2020/12 | CJ2: 2021/01 | CK2: 2021/02 | CL2: 2021/03 | CM2: 2021/04 | CN2: 2021/05 | CO2: 2021/06 | CP2: 2021/07 | CQ2: 2021/08 | CR2: 2021/09 | CS2: 2021/10 | CT2: 2021/11 | CU2: 2021/12 | CV2: 2022/01 | CW2: 2022/02 | CX2: 2022/03 | CY2: 2022/04 | CZ2: 2022/05 | DA2: 2022/06 | DB2: 2022/07 | DC2: 2022/08 | DD2: 2022/09 | DE2: 2022/10 | DF2: 2022/11 | DG2: 2022/12 | DH2: 2023/01 | DI2: 2023/02 | DJ2: 2023/03 | DK2: 2023/04 | DL2: 2023/05 | DM2: 2023/06 | DN2: 2023/07 | DO2: 2023/08 | DP2: 2023/09 | DQ2: 2023/10 | DR2: 2023/11 | DS2: 2023/12 | DT2: 2024/01 | DU2: 2024/02 | DV2: 2024/03 | DW2: 2024/04 | DX2: 2024/05 | DY2: 2024/06 | DZ2: 2024/07 | EA2: 2024/08 | EB2: 2024/09 | EC2: 2024/10 | ED2: 2024/11 | EE2: 2024/12 | EF2: 2025/01 | EG2: 2025/02 | EH2: 2025/03 | EI2: 2025/04 | EJ2: 2025/05 | EK2: 2025/06 | EL2: 2025/07 | EM2: 2025/08
B3: bm | C3: 0.11254353 | D3: 0.034097093 | E3: -0.034092261 | F3: -0.016058652 | G3: -0.0032385096 | H3: 0.037901102 | I3: 0.19658042 | J3: 0.123748 | K3: -0.0034480581 | L3: 0.056295168 | M3: -0.033270601 | N3: 0.13532466 | O3: 0.02969531 | P3: -0.075919536 | Q3: -0.062747606 | R3: 0.034334773 | S3: -0.11448918 | T3: -0.128411 | U3: -0.01815403 | V3: 0.097284226 | W3: 0.06448606 | X3: 0.1327038 | Y3: -0.14506291 | Z3: 0.15983802 | AA3: -0.079439674 | AB3: 0.065463771 | AC3: 0.10841757 | AD3: 0.035162094 | AE3: -0.13259397 | AF3: 0.079167282 | AG3: 0.1474472 | AH3: 0.10818108 | AI3: 0.031505046 | AJ3: 0.068324574 | AK3: 0.13938042 | AL3: 0.0015927447 | AM3: 0.11699323 | AN3: 0.18348806 | AO3: -0.013624633 | AP3: -0.10636754 | AQ3: -0.026929215 | AR3: 0.042036531 | AS3: 0.018696587 | AT3: 0.050640506 | AU3: 0.060413159 | AV3: -0.049074617 | AW3: 0.041357509 | AX3: 0.1327231 | AY3: 0.05462578 | AZ3: 0.015696796 | BA3: 0.012690345 | BB3: 0.10435302 | BC3: 0.027796633 | BD3: 0.015784322 | BE3: 0.053739938 | BF3: 0.15375844 | BG3: 0.14726982 | BH3: 0.058771535 | BI3: 0.089685564 | BJ3: -0.041235808 | BK3: -0.085734728 | BL3: 0.06541404 | BM3: -0.031368353 | BN3: 0.035359622 | BO3: 0.077704285 | BP3: -0.014539108 | BQ3: 0.054478665 | BR3: -0.011979953 | BS3: 0.061686425 | BT3: 0.017609737 | BU3: 0.001762998 | BV3: 0.079901428 | BW3: -0.026106377 | BX3: 0.022152374 | BY3: -0.070677725 | BZ3: 0.10127162 | CA3: -0.11166328 | CB3: 0.021342222 | CC3: -0.0047361279 | CD3: 0.17955101 | CE3: 0.061307643 | CF3: 0.091604774 | CG3: 0.097692005 | CH3: 0.15714712 | CI3: -0.088647186 | CJ3: -0.014935576 | CK3: 0.038208336 | CL3: 0.31725854 | CM3: -0.04994997 | CN3: -0.038447027 | CO3: 0.00071081192 | CP3: 0.14471258 | CQ3: 0.14928899 | CR3: -0.039801054 | CS3: -0.046545919 | CT3: 0.034133664 | CU3: 0.12875406 | CV3: 0.031635368 | CW3: 0.041194563 | CX3: 0.16319544 | CY3: -0.043115028 | CZ3: 0.22006844 | DA3: -0.04142373 | DB3: -0.011737974 | DC3: 0.10777107 | DD3: 0.067224014 | DE3: -0.040137128 | DF3: 0.036396903 | DG3: -0.098061051 | DH3: -0.012045848 | DI3: -0.089410575 | DJ3: 0.054992879 | DK3: -0.057186589 | DL3: -0.029284301 | DM3: -0.031402929 | DN3: 0.084413623 | DO3: 0.048170818 | DP3: 0.090346423 | DQ3: -0.11867639 | DR3: 0.11050757 | DS3: -0.073814619 | DT3: -0.10633883 | DU3: 0.0096230219 | DV3: 0.14417122 | DW3: 0.085312212 | DX3: -0.11038018 | DY3: 0.12870772 | DZ3: -0.053270106 | EA3: 0.17325686 | EB3: 0.012264442 | EC3: 0.077320493 | ED3: -0.16510374 | EE3: 0.077592443 | EF3: 0.056688315 | EG3: 0.1757144 | EH3: -0.050736759 | EI3: -0.032979675 | EJ3: -0.1750733 | EK3: 0.075703333 | EL3: -0.11145874 | EM3: #NUM!
B4: size | C4: -0.26567505 | D4: -0.26274582 | E4: -0.078695496 | F4: 0.065706805 | G4: -0.059999729 | H4: -0.090782629 | I4: -0.029543457 | J4: 0.06875609 | K4: -0.045430805 | L4: 0.092349485 | M4: 0.0055332373 | N4: -0.20262956 | O4: -0.055439189 | P4: 0.063019438 | Q4: -0.051127471 | R4: -0.0026369264 | S4: 0.11737044 | T4: 0.028121058 | U4: 0.024399698 | V4: 0.0024693189 | W4: -0.12931199 | X4: -0.078183592 | Y4: -0.016789063 | Z4: -0.021755872 | AA4: 0.056064772 | AB4: -0.026152478 | AC4: -0.070545451 | AD4: -0.046059359 | AE4: 0.13302405 | AF4: -0.089277754 | AG4: -0.059320758 | AH4: -0.055248054 | AI4: -0.03443289 | AJ4: -0.0010118202 | AK4: 0.010080194 | AL4: -0.11988371 | AM4: -0.0052132143 | AN4: -0.10834391 | AO4: -0.058361176 | AP4: 0.010829655 | AQ4: 0.0091678033 | AR4: 0.094714182 | AS4: -0.024402385 | AT4: 0.0020132029 | AU4: -0.16715058 | AV4: 0.033972262 | AW4: -0.016836938 | AX4: -0.034706448 | AY4: 0.0051832253 | AZ4: -0.11973657 | BA4: -0.13521273 | BB4: 0.016982 | BC4: 0.023074368 | BD4: -0.11999454 | BE4: 0.12932848 | BF4: 0.016709915 | BG4: -0.022306747 | BH4: 0.039303081 | BI4: -0.10048888 | BJ4: -0.10199028 | BK4: 0.099875651 | BL4: -0.032934037 | BM4: 0.0262875 | BN4: 0.10734549 | BO4: -0.025606337 | BP4: 0.12241177 | BQ4: -0.045440179 | BR4: -0.071268977 | BS4: -0.068098859 | BT4: 0.092203282 | BU4: 0.082899618 | BV4: -0.041301127 | BW4: -0.099351182 | BX4: -0.038144887 | BY4: 0.11248742 | BZ4: -0.037880283 | CA4: -0.091542003 | CB4: -0.12463256 | CC4: -0.061699946 | CD4: -0.075868372 | CE4: -0.22128938 | CF4: 0.0086756078 | CG4: 0.031786264 | CH4: -0.037814116 | CI4: 0.049549068 | CJ4: -0.010429677 | CK4: -0.083344347 | CL4: -0.053422112 | CM4: 0.19037761 | CN4: 0.058217829 | CO4: -0.14266652 | CP4: 0.041776779 | CQ4: -0.16944775 | CR4: -0.084810245 | CS4: -0.03477087 | CT4: -0.11929695 | CU4: -0.017795179 | CV4: -0.014834128 | CW4: -0.046319066 | CX4: -0.09663469 | CY4: -0.078834385 | CZ4: -0.21252635 | DA4: -0.11368552 | DB4: -0.1831019 | DC4: -0.042499865 | DD4: 0.027817596 | DE4: 0.068607937 | DF4: -0.13309486 | DG4: 0.22249787 | DH4: -0.13075878 | DI4: -0.10969183 | DJ4: -0.11047372 | DK4: 0.085555392 | DL4: -0.037902764 | DM4: 0.083550635 | DN4: -0.055064654 | DO4: -0.091404376 | DP4: -0.14635791 | DQ4: 0.07258441 | DR4: -0.036982983 | DS4: -0.15848873 | DT4: -0.076734871 | DU4: 0.1465233 | DV4: 0.0092142529 | DW4: -0.12809453 | DX4: -0.057788778 | DY4: -0.10353071 | DZ4: -0.053247234 | EA4: -0.11101122 | EB4: -0.057337042 | EC4: 0.053167127 | ED4: 0.055871006 | EE4: 0.15335804 | EF4: -0.11423136 | EG4: -0.044005617 | EH4: 0.017544152 | EI4: 0.086430773 | EJ4: 0.13519055 | EK4: 0.12749822 | EL4: -0.030403121 | EM4: #NUM!
B5: mom | C5: -0.024114963 | D5: 0.1401006 | E5: -0.0054828677 | F5: -0.04806796 | G5: 0.098556491 | H5: 0.0040265399 | I5: -0.054392917 | J5: -0.00078467923 | K5: 0.03198565 | L5: -0.0052053083 | M5: 0.083785175 | N5: -0.056914478 | O5: 0.06851042 | P5: 0.028609346 | Q5: 0.066853829 | R5: -0.0022018586 | S5: 0.13430089 | T5: 0.13091808 | U5: 0.013133991 | V5: 0.026183164 | W5: -0.094297429 | X5: -0.30132339 | Y5: 0.10842895 | Z5: -0.14174493 | AA5: 0.11702124 | AB5: -0.022180044 | AC5: -0.086460961 | AD5: 0.021464874 | AE5: 0.15421824 | AF5: -0.14648945 | AG5: -0.047015552 | AH5: 0.019690199 | AI5: 0.039309116 | AJ5: -0.026623525 | AK5: -0.025125102 | AL5: -0.10344397 | AM5: 0.06190072 | AN5: 0.076731055 | AO5: 0.098982723 | AP5: 0.054076693 | AQ5: -0.030251892 | AR5: 0.00044910599 | AS5: 0.070194262 | AT5: 0.17429282 | AU5: -0.081385666 | AV5: 0.15075612 | AW5: 0.057401718 | AX5: -0.15692285 | AY5: 0.047095412 | AZ5: -0.057117988 | BA5: -0.022411435 | BB5: -0.15274623 | BC5: 0.022968193 | BD5: 0.0010412666 | BE5: -0.13310703 | BF5: -0.19610968 | BG5: -0.18881309 | BH5: -0.10071704 | BI5: -0.12578122 | BJ5: -0.010946697 | BK5: -0.061548923 | BL5: -0.15045858 | BM5: 0.12760274 | BN5: -0.017866803 | BO5: -0.025323955 | BP5: 0.040051232 | BQ5: -0.042262606 | BR5: 0.17888215 | BS5: -0.099129045 | BT5: 0.040560012 | BU5: 0.063241856 | BV5: -0.096181909 | BW5: -0.13606285 | BX5: -0.0050219314 | BY5: 0.11233989 | BZ5: 0.034223088 | CA5: 0.070051209 | CB5: 0.023662883 | CC5: 0.093938184 | CD5: -0.029913967 | CE5: -0.10685236 | CF5: -0.058583352 | CG5: -0.1185641 | CH5: -0.047815465 | CI5: -0.061561116 | CJ5: 0.22741941 | CK5: 0.1332388 | CL5: 0.040261514 | CM5: -0.073899374 | CN5: 0.24689459 | CO5: -0.10444084 | CP5: -0.017008494 | CQ5: -0.20843471 | CR5: -0.083953984 | CS5: 0.08662128 | CT5: -0.02628501 | CU5: -0.29981484 | CV5: 0.24030007 | CW5: 0.09157936 | CX5: -0.099166296 | CY5: 0.10766172 | CZ5: -0.054245194 | DA5: 0.08253219 | DB5: 0.13651007 | DC5: -0.013925396 | DD5: -0.13979564 | DE5: -0.09411437 | DF5: 0.052829966 | DG5: -0.19928626 | DH5: 0.10213914 | DI5: 0.037772798 | DJ5: 0.065447994 | DK5: 0.059654622 | DL5: 0.095335574 | DM5: 0.040485912 | DN5: 0.0034939953 | DO5: -0.10610844 | DP5: -0.24479189 | DQ5: 0.21383696 | DR5: 0.010889666 | DS5: 0.13411936 | DT5: 0.12417191 | DU5: 0.078095889 | DV5: -0.053915428 | DW5: -0.023828252 | DX5: 0.066514734 | DY5: 0.019361307 | DZ5: 0.018750008 | EA5: -0.28354334 | EB5: -0.13389241 | EC5: -0.022714427 | ED5: 0.044607042 | EE5: -0.129061 | EF5: -0.065742552 | EG5: -0.11722283 | EH5: -0.026547499 | EI5: -0.033015556 | EJ5: 0.045977173 | EK5: -0.069235534 | EL5: 0.014684336 | EM5: #NUM!
A6: 絕對值最大 | C6: {=MATCH(MAX(ABS(C3:C5)), ABS(C3:C5), 0)} -> 2 | D6: {=MATCH(MAX(ABS(D3:D5)), ABS(D3:D5), 0)} -> 2 | E6: {=MATCH(MAX(ABS(E3:E5)), ABS(E3:E5), 0)} -> 2 | F6: {=MATCH(MAX(ABS(F3:F5)), ABS(F3:F5), 0)} -> 2 | G6: {=MATCH(MAX(ABS(G3:G5)), ABS(G3:G5), 0)} -> 3 | H6: {=MATCH(MAX(ABS(H3:H5)), ABS(H3:H5), 0)} -> 2 | I6: {=MATCH(MAX(ABS(I3:I5)), ABS(I3:I5), 0)} -> 1 | J6: {=MATCH(MAX(ABS(J3:J5)), ABS(J3:J5), 0)} -> 1 | ... EM6: {=MATCH(MAX(ABS(EM3:EM5)), ABS(EM3:EM5), 0)} -> #NUM!
C7: =IF(C6=1,"bm",IF(C6=2,"size",IF(C6=3,"mom"))) -> size | D7: =IF(D6=1,"bm",IF(D6=2,"size",IF(D6=3,"mom"))) -> size | E7: =IF(E6=1,"bm",IF(E6=2,"size",IF(E6=3,"mom"))) -> size | F7: =IF(F6=1,"bm",IF(F6=2,"size",IF(F6=3,"mom"))) -> size | G7: =IF(G6=1,"bm",IF(G6=2,"size",IF(G6=3,"mom"))) -> mom | H7: =IF(H6=1,"bm",IF(H6=2,"size",IF(H6=3,"mom"))) -> size | I7: =IF(I6=1,"bm",IF(I6=2,"size",IF(I6=3,"mom"))) -> bm | J7: =IF(J6=1,"bm",IF(J6=2,"size",IF(J6=3,"mom"))) -> bm | ... EM7: =IF(EM6=1,"bm",IF(EM6=2,"size",IF(EM6=3,"mom"))) -> #NUM!
C8: =IF(C6=1,C3,IF(C6=2,C4,IF(C6=3,C5))) -> -0.26567505 | D8: =IF(D6=1,D3,IF(D6=2,D4,IF(D6=3,D5))) -> -0.26274582 | E8: =IF(E6=1,E3,IF(E6=2,E4,IF(E6=3,E5))) -> -0.078695496 | F8: =IF(F6=1,F3,IF(F6=2,F4,IF(F6=3,F5))) -> 0.065706805 | G8: =IF(G6=1,G3,IF(G6=2,G4,IF(G6=3,G5))) -> 0.098556491 | H8: =IF(H6=1,H3,IF(H6=2,H4,IF(H6=3,H5))) -> -0.090782629 | I8: =IF(I6=1,I3,IF(I6=2,I4,IF(I6=3,I5))) -> 0.19658042 | J8: =IF(J6=1,J3,IF(J6=2,J4,IF(J6=3,J5))) -> 0.123748 | ... EM8: =IF(EM6=1,EM3,IF(EM6=2,EM4,IF(EM6=3,EM5))) -> #NUM!
A10: 投資組合 | C10: 公司數 | D10: 1051
A11: 等分 | B11: 家數 | C11: 2013/12 | D11: 2014/01 | E11: 2014/02 | F11: 2014/03 | G11: 2014/04 | H11: 2014/05 | I11: 2014/06 | J11: 2014/07 | K11: 2014/08 | L11: 2014/09 | M11: 2014/10 | N11: 2014/11 | O11: 2014/12 | P11: 2015/01 | Q11: 2015/02 | R11: 2015/03 | S11: 2015/04 | T11: 2015/05 | U11: 2015/06 | V11: 2015/07 | W11: 2015/08 | X11: 2015/09 | Y11: 2015/10 | Z11: 2015/11 | AA11: 2015/12 | AB11: 2016/01 | AC11: 2016/02 | AD11: 2016/03 | AE11: 2016/04 | AF11: 2016/05 | AG11: 2016/06 | AH11: 2016/07 | AI11: 2016/08 | AJ11: 2016/09 | AK11: 2016/10 | AL11: 2016/11 | AM11: 2016/12 | AN11: 2017/01 | AO11: 2017/02 | AP11: 2017/03 | AQ11: 2017/04 | AR11: 2017/05 | AS11: 2017/06 | AT11: 2017/07 | AU11: 2017/08 | AV11: 2017/09 | AW11: 2017/10 | AX11: 2017/11 | AY11: 2017/12 | AZ11: 2018/01 | BA11: 2018/02 | BB11: 2018/03 | BC11: 2018/04 | BD11: 2018/05 | BE11: 2018/06 | BF11: 2018/07 | BG11: 2018/08 | BH11: 2018/09 | BI11: 2018/10 | BJ11: 2018/11 | BK11: 2018/12 | BL11: 2019/01 | BM11: 2019/02 | BN11: 2019/03 | BO11: 2019/04 | BP11: 2019/05 | BQ11: 2019/06 | BR11: 2019/07 | BS11: 2019/08 | BT11: 2019/09 | BU11: 2019/10 | BV11: 2019/11 | BW11: 2019/12 | BX11: 2020/01 | BY11: 2020/02 | BZ11: 2020/03 | CA11: 2020/04 | CB11: 2020/05 | CC11: 2020/06 | CD11: 2020/07 | CE11: 2020/08 | CF11: 2020/09 | CG11: 2020/10 | CH11: 2020/11 | CI11: 2020/12 | CJ11: 2021/01 | CK11: 2021/02 | CL11: 2021/03 | CM11: 2021/04 | CN11: 2021/05 | CO11: 2021/06 | CP11: 2021/07 | CQ11: 2021/08 | CR11: 2021/09 | CS11: 2021/10 | CT11: 2021/11 | CU11: 2021/12 | CV11: 2022/01 | CW11: 2022/02 | CX11: 2022/03 | CY11: 2022/04 | CZ11: 2022/05 | DA11: 2022/06 | DB11: 2022/07 | DC11: 2022/08 | DD11: 2022/09 | DE11: 2022/10 | DF11: 2022/11 | DG11: 2022/12 | DH11: 2023/01 | DI11: 2023/02 | DJ11: 2023/03 | DK11: 2023/04 | DL11: 2023/05 | DM11: 2023/06 | DN11: 2023/07 | DO11: 2023/08 | DP11: 2023/09 | DQ11: 2023/10 | DR11: 2023/11 | DS11: 2023/12 | DT11: 2024/01 | DU11: 2024/02 | DV11: 2024/03 | DW11: 2024/04 | DX11: 2024/05 | DY11: 2024/06 | DZ11: 2024/07 | EA11: 2024/08 | EB11: 2024/09 | EC11: 2024/10 | ED11: 2024/11 | EE11: 2024/12 | EF11: 2025/01 | EG11: 2025/02 | EH11: 2025/03 | EI11: 2025/04 | EJ11: 2025/05 | EK11: 2025/06 | EL11: 2025/07 | EM11: 平均值 | EN11: 標準差 | EO11: 夏普比率
A12: 10 | B12: =ROUND($D$10/A12,0) -> 105 | C12: 0.098199502 | D12: 0.1028238 | E12: 0.038261781 | F12: 0.0073451094 | G12: 0.03277276 | H12: 0.043063012 | I12: 0.046611964 | J12: 0.05668166 | K12: 0.028025433 | L12: 0.034533577 | M12: 0.034064795 | N12: 0.062468605 | O12: 0.026262839 | P12: 0.016299964 | Q12: 0.017014637 | R12: 0.0017251273 | S12: 0.040481856 | T12: 0.047307128 | U12: 0.020802966 | V12: 0.044981645 | W12: 0.058599399 | X12: 0.1204231 | Y12: 0.032478381 | Z12: 0.057530096 | AA12: 0.031866297 | AB12: 0.031101794 | AC12: 0.037252426 | AD12: 0.009132501 | AE12: 0.044953944 | AF12: 0.050075684 | AG12: 0.037657153 | AH12: 0.017150195 | AI12: 0.0077407002 | AJ12: 0.018902487 | AK12: 0.041114693 | AL12: 0.036103997 | AM12: 0.025435995 | AN12: 0.059852191 | AO12: 0.028904676 | AP12: 0.021539548 | AQ12: 0.014732134 | AR12: 0.030774647 | AS12: 0.029038603 | AT12: 0.071815369 | AU12: 0.06350953 | AV12: 0.059343045 | AW12: 0.011017888 | AX12: 0.055790314 | AY12: 0.02070539 | AZ12: 0.056338485 | BA12: 0.070623312 | BB12: 0.037731301 | BC12: 0.0037833204 | BD12: 0.050680413 | BE12: 0.027620677 | BF12: 0.045781102 | BG12: 0.05107324 | BH12: 0.034422221 | BI12: 0.058150961 | BJ12: 0.036180007 | BK12: 0.017434305 | BL12: 0.027124146 | BM12: 0.0403016 | BN12: 0.030037923 | BO12: 0.024587825 | BP12: 0.024810168 | BQ12: 0.005654826 | BR12: 0.059753167 | BS12: 0.02980301 | BT12: 0.02130586 | BU12: 0.035413041 | BV12: 0.034554758 | BW12: 0.038348648 | BX12: 0.018198986 | BY12: 0.051109523 | BZ12: 0.040874328 | CA12: 0.033013411 | CB12: 0.056271327 | CC12: 0.019545734 | CD12: 0.10131152 | CE12: 0.14141655 | CF12: 0.032181788 | CG12: 0.049661346 | CH12: 0.067832672 | CI12: 0.030588249 | CJ12: 0.058035853 | CK12: 0.060243584 | CL12: 0.15371706 | CM12: 0.06443083 | CN12: 0.097750475 | CO12: 0.068320871 | CP12: 0.04605124 | CQ12: 0.057210856 | CR12: 0.04794599 | CS12: 0.0052591904 | CT12: 0.031936085 | CU12: 0.076750601 | CV12: 0.068454073 | CW12: 0.02594707 | CX12: 0.070272156 | CY12: 0.026011705 | CZ12: 0.088361067 | DA12: 0.030372588 | DB12: 0.076905202 | DC12: 0.030502687 | DD12: 0.059350422 | DE12: 0.019852691 | DF12: 0.048904276 | DG12: 0.043686976 | DH12: 0.032463432 | DI12: 0.053725325 | DJ12: 0.021108185 | DK12: 0.034140901 | DL12: 0.026113587 | DM12: 0.021984778 | DN12: 0.030259151 | DO12: 0.023375644 | DP12: 0.067273187 | DQ12: 0.061902356 | DR12: 0.021610692 | DS12: 0.080446065 | DT12: 0.026928947 | DU12: 0.050063196 | DV12: 0.052446977 | DW12: 0.057897224 | DX12: 0.045674414 | DY12: 0.048289115 | DZ12: 0.013599532 | EA12: 0.11685074 | EB12: 0.028071677 | EC12: 0.026194942 | ED12: 0.061427254 | EE12: 0.028166727 | EF12: 0.021832482 | EG12: 0.097829678 | EH12: 0.022258683 | EI12: 0.0089612567 | EJ12: 0.068011014 | EK12: 0.050118013 | EL12: 0.049017881 | EM12: =AVERAGE(C12:EL12) -> 0.043800762 | EN12: =STDEV(C12:EL12) -> 0.02638634 | EO12: =EM12/EN12 -> 1.6599787
A13: 20 | B13: =ROUND($D$10/A13,0) -> 53 | C13: 0.12107776 | D13: 0.083505282 | E13: 0.049219109 | F13: 0.037987155 | G13: 0.016784224 | H13: 0.029251264 | I13: 0.049436102 | J13: 0.059989716 | K13: 0.017789949 | L13: 0.018673571 | M13: 0.014532356 | N13: 0.083003657 | O13: 0.016835251 | P13: 0.020395862 | Q13: 0.010565631 | R13: -0.0033304003 | S13: 0.067239971 | T13: 0.070405106 | U13: 0.014617996 | V13: 0.035925228 | W13: 0.079691017 | X13: 0.1392785 | Y13: 0.041377915 | Z13: 0.070580148 | AA13: 0.050692982 | AB13: 0.045772413 | AC13: 0.02706018 | AD13: -0.0030083609 | AE13: 0.065918726 | AF13: 0.067638222 | AG13: 0.043719681 | AH13: 0.0021139489 | AI13: 0.019590207 | AJ13: -0.0099915602 | AK13: 0.063693125 | AL13: 0.034676361 | AM13: 0.028672216 | AN13: 0.096939842 | AO13: 0.031449632 | AP13: 0.045398469 | AQ13: 0.01593738 | AR13: 0.033598562 | AS13: 0.034877568 | AT13: 0.094929152 | AU13: 0.07301813 | AV13: 0.096710764 | AW13: 0.016266122 | AX13: 0.052100773 | AY13: 0.0089780822 | AZ13: 0.065669863 | BA13: 0.073179702 | BB13: 0.016680253 | BC13: 0.0061704013 | BD13: 0.037273886 | BE13: 0.036756945 | BF13: 0.10528099 | BG13: 0.085439588 | BH13: 0.041179773 | BI13: 0.056277194 | BJ13: 0.046151926 | BK13: 0.032887619 | BL13: 0.038941059 | BM13: 0.046612516 | BN13: 0.027466363 | BO13: 0.041090335 | BP13: 0.020221679 | BQ13: 0.020671693 | BR13: 0.079435374 | BS13: 0.034048716 | BT13: 0.012182762 | BU13: 0.060633379 | BV13: 0.049478741 | BW13: 0.059954891 | BX13: 0.024517822 | BY13: 0.0488462 | BZ13: 0.067196131 | CA13: 0.026303578 | CB13: 0.11090423 | CC13: -0.0010716721 | CD13: 0.10225278 | CE13: 0.18420232 | CF13: 0.047483485 | CG13: 0.049202653 | CH13: 0.049554743 | CI13: 0.050093246 | CJ13: 0.069084695 | CK13: 0.065517118 | CL13: 0.16079609 | CM13: 0.082791769 | CN13: 0.11365842 | CO13: 0.079115499 | CP13: 0.066793736 | CQ13: 0.056641732 | CR13: 0.071519219 | CS13: 0.0098166213 | CT13: 0.028971683 | CU13: 0.11178805 | CV13: 0.076907356 | CW13: 0.033795594 | CX13: 0.079685442 | CY13: 0.056233686 | CZ13: 0.080348889 | DA13: 0.014829783 | DB13: 0.078082554 | DC13: 0.025165393 | DD13: 0.071693272 | DE13: 0.014632666 | DF13: 0.063934166 | DG13: 0.037529261 | DH13: 0.039090407 | DI13: 0.071009668 | DJ13: 0.0060368667 | DK13: 0.020804993 | DL13: 0.031928367 | DM13: 0.0080990213 | DN13: -0.00041533677 | DO13: 0.041067717 | DP13: 0.075241348 | DQ13: 0.061220596 | DR13: 0.020233317 | DS13: 0.071305965 | DT13: 0.027375113 | DU13: 0.01231375 | DV13: 0.072397715 | DW13: 0.058892837 | DX13: 0.060352983 | DY13: 0.087275153 | DZ13: 0.017528667 | EA13: 0.12694827 | EB13: 0.057080533 | EC13: 0.040940282 | ED13: 0.065938453 | EE13: 0.037157512 | EF13: 0.035981928 | EG13: 0.15154919 | EH13: -0.0034030753 | EI13: 0.01362226 | EJ13: 0.09123496 | EK13: 0.043586137 | EL13: 0.066108719 | EM13: =AVERAGE(C13:EL13) -> 0.05066138 | EN13: =STDEV(C13:EL13) -> 0.034735324 | EO13: =EM13/EN13 -> 1.4584974
A14: 50 | B14: =ROUND($D$10/A14,0) -> 21 | C14: 0.13220513 | D14: 0.1158128 | E14: 0.083639426 | F14: 0.047441584 | G14: 0.075085371 | H14: 0.076211003 | I14: 0.082313591 | J14: 0.064091148 | K14: 0.038115639 | L14: 0.036882667 | M14: -0.0022751694 | N14: 0.1459039 | O14: -0.006983831 | P14: 0.055715035 | Q14: 0.003587675 | R14: -0.0032911964 | S14: 0.13958411 | T14: 0.043640637 | U14: -0.018672251 | V14: 0.019356688 | W14: 0.10108001 | X14: 0.15214958 | Y14: 0.044544401 | Z14: 0.050537712 | AA14: 0.09685095 | AB14: 0.069227714 | AC14: -0.0022507861 | AD14: 0.006953009 | AE14: 0.10829638 | AF14: 0.076843366 | AG14: 0.028655986 | AH14: -0.01011933 | AI14: -0.027402986 | AJ14: 0.0077624249 | AK14: 0.058451123 | AL14: 0.042015348 | AM14: 0.050755743 | AN14: 0.10441557 | AO14: 0.032604668 | AP14: 0.054501731 | AQ14: 0.019665685 | AR14: 0.062379456 | AS14: -0.013478002 | AT14: 0.13781441 | AU14: 0.10970669 | AV14: 0.11071267 | AW14: 0.06525955 | AX14: 0.040769984 | AY14: 0.017193044 | AZ14: 0.0053410775 | BA14: 0.091311505 | BB14: 0.077818594 | BC14: 0.020523204 | BD14: 0.027350925 | BE14: 0.071812118 | BF14: 0.15729123 | BG14: 0.12707303 | BH14: 0.064711625 | BI14: 0.030087417 | BJ14: 0.024895583 | BK14: -0.021044327 | BL14: 0.032503786 | BM14: 0.032921165 | BN14: 0.011205903 | BO14: 0.024215816 | BP14: -0.048228295 | BQ14: 0.007465479 | BR14: 0.079846846 | BS14: 0.029611615 | BT14: -0.016902937 | BU14: 0.10739504 | BV14: 0.081081006 | BW14: 0.094813186 | BX14: -0.0039873386 | BY14: 0.098203766 | BZ14: 0.081435134 | CA14: -0.015300814 | CB14: 0.11179425 | CC14: 0.0094556516 | CD14: 0.08799128 | CE14: 0.20666802 | CF14: 0.077361646 | CG14: 0.065160968 | CH14: 0.058613307 | CI14: 0.11384421 | CJ14: 0.06143799 | CK14: 0.053942692 | CL14: 0.2064437 | CM14: 0.09007073 | CN14: 0.21436197 | CO14: 0.17790312 | CP14: 0.061247191 | CQ14: 0.016983986 | CR14: 0.04962061 | CS14: 0.012169087 | CT14: 0.074203932 | CU14: 0.13049332 | CV14: 0.13473975 | CW14: 0.041207943 | CX14: 0.078880627 | CY14: 0.10967162 | CZ14: 0.067028484 | DA14: 0.047399854 | DB14: 0.083638879 | DC14: 0.012420966 | DD14: 0.098734768 | DE14: 0.059073402 | DF14: 0.16325273 | DG14: 0.043741274 | DH14: 0.062926026 | DI14: 0.1289201 | DJ14: 0.013777168 | DK14: 0.035525439 | DL14: 0.039872633 | DM14: 0.019116465 | DN14: 0.042219255 | DO14: 0.067491555 | DP14: 0.082099873 | DQ14: 0.032645533 | DR14: 0.053613769 | DS14: 0.053892649 | DT14: 0.015125285 | DU14: 0.05484965 | DV14: 0.10495332 | DW14: 0.07629508 | DX14: 0.071555654 | DY14: 0.14810313 | DZ14: 0.013236455 | EA14: 0.068284483 | EB14: 0.084619817 | EC14: 0.017473935 | ED14: 0.098937326 | EE14: 0.012534993 | EF14: 0.059075573 | EG14: 0.21599687 | EH14: 0.0057072128 | EI14: 0.0056953674 | EJ14: 0.075260903 | EK14: 0.035700626 | EL14: 0.10022551 | EM14: =AVERAGE(C14:EL14) -> 0.062235722 | EN14: =STDEV(C14:EL14) -> 0.051599469 | EO14: =EM14/EN14 -> 1.2061311
A15: 110 | B15: =ROUND($D$10/A15,0) -> 10 | C15: 0.24155842 | D15: 0.17378891 | E15: 0.074569663 | F15: 0.081782027 | G15: 0.0025357798 | H15: 0.08181565 | I15: 0.12829638 | J15: 0.13535866 | K15: 0.031508098 | L15: -0.022753363 | M15: 0.056295859 | N15: 0.24738805 | O15: -0.018896543 | P15: 0.069494413 | Q15: -0.030677617 | R15: -0.053079677 | S15: 0.18023614 | T15: 0.058198487 | U15: -0.084116384 | V15: -0.017093663 | W15: 0.062669826 | X15: 0.20484096 | Y15: 0.021717268 | Z15: 0.03962135 | AA15: 0.1289089 | AB15: 0.074371814 | AC15: 0.048008146 | AD15: 0.013590293 | AE15: 0.17602317 | AF15: 0.1324867 | AG15: 0.024048006 | AH15: -0.037104176 | AI15: -0.018572528 | AJ15: 0.0097728322 | AK15: 0.057963941 | AL15: 0.028443609 | AM15: 0.034533292 | AN15: 0.11870397 | AO15: 0.043798347 | AP15: 0.037834339 | AQ15: -0.038102469 | AR15: 0.04832012 | AS15: -0.065028804 | AT15: 0.20783896 | AU15: 0.13494562 | AV15: 0.09108381 | AW15: 0.097211153 | AX15: 0.11407969 | AY15: 0.030135108 | AZ15: 0.032014302 | BA15: 0.16145099 | BB15: 0.13503031 | BC15: 0.067540884 | BD15: -0.020834013 | BE15: 0.063332839 | BF15: 0.2271004 | BG15: 0.10639437 | BH15: 0.095162128 | BI15: 0.044085978 | BJ15: 0.10657677 | BK15: -0.022584607 | BL15: 0.075891716 | BM15: 0.054492832 | BN15: -0.03567062 | BO15: 0.031395373 | BP15: -0.098443455 | BQ15: 0.015695153 | BR15: 0.11004284 | BS15: 0.003978778 | BT15: 0.012059676 | BU15: 0.053351351 | BV15: 0.063848423 | BW15: 0.31543556 | BX15: 0.043155484 | BY15: 0.1170215 | BZ15: 0.07695572 | CA15: 0.0060851496 | CB15: 0.064451767 | CC15: 0.10782726 | CD15: 0.1195227 | CE15: 0.12056337 | CF15: 0.078920462 | CG15: 0.10390932 | CH15: 0.067519779 | CI15: 0.037144945 | CJ15: 0.05487445 | CK15: 0.14342183 | CL15: 0.29060109 | CM15: 0.053281165 | CN15: 0.16864261 | CO15: 0.1646968 | CP15: 0.10300283 | CQ15: 0.0064482894 | CR15: 0.034388284 | CS15: 0.00900126 | CT15: 0.019878054 | CU15: 0.16039605 | CV15: 0.15883628 | CW15: 0.031169211 | CX15: 0.0626011 | CY15: 0.06815769 | CZ15: 0.090923793 | DA15: 0.068598068 | DB15: 0.039932393 | DC15: 0.017598376 | DD15: 0.066996804 | DE15: 0.07737662 | DF15: 0.29943563 | DG15: 0.040171633 | DH15: 0.13218755 | DI15: 0.020190924 | DJ15: 0.028863595 | DK15: 0.083677801 | DL15: 0.045174394 | DM15: 0.012983297 | DN15: 0.011986824 | DO15: 0.042035732 | DP15: 0.14986805 | DQ15: 0.02599177 | DR15: 0.025698175 | DS15: 0.052192903 | DT15: 0.022455457 | DU15: 0.083734456 | DV15: 0.14862276 | DW15: 0.0082263342 | DX15: 0.084800177 | DY15: 0.23875532 | DZ15: 0.034082281 | EA15: -0.037469676 | EB15: 0.11336525 | EC15: 0.082959084 | ED15: 0.14216139 | EE15: 0.0096175593 | EF15: 0.044912949 | EG15: 0.3447148 | EH15: -0.014955065 | EI15: 0.028455499 | EJ15: 0.083064683 | EK15: 0.03490671 | EL15: 0.097763681 | EM15: =AVERAGE(C15:EL15) -> 0.07221595 | EN15: =STDEV(C15:EL15) -> 0.077490328 | EO15: =EM15/EN15 -> 0.93193501
A16: 120 | B16: =ROUND($D$10/A16,0) -> 9 | C16: 0.26072771 | D16: 0.18425851 | E16: 0.074485661 | F16: 0.053057197 | G16: 0.088348382 | H16: 0.082581289 | I16: 0.13862835 | J16: 0.14986078 | K16: 0.029838912 | L16: -0.024637175 | M16: 0.053926092 | N16: 0.28291581 | O16: -0.029371948 | P16: 0.071716708 | Q16: -0.0026762679 | R16: -0.062293903 | S16: 0.19622946 | T16: 0.094226726 | U16: -0.071987231 | V16: -0.00052208373 | W16: 0.048227746 | X16: 0.18341156 | Y16: 0.026871903 | Z16: 0.026245552 | AA16: 0.12915152 | AB16: 0.083679344 | AC16: 0.059916162 | AD16: 0.018883824 | AE16: 0.19437017 | AF16: 0.14270118 | AG16: 0.030984763 | AH16: -0.0317654 | AI16: -0.025151214 | AJ16: -0.030488409 | AK16: 0.064421401 | AL16: 0.024777898 | AM16: 0.028591226 | AN16: 0.13740291 | AO16: 0.063928703 | AP16: 0.062955476 | AQ16: -0.051655017 | AR16: 0.10277024 | AS16: -0.065720092 | AT16: 0.22132084 | AU16: 0.13870065 | AV16: 0.089459285 | AW16: 0.1131797 | AX16: 0.1135956 | AY16: 0.040307501 | AZ16: 0.026619999 | BA16: 0.15831023 | BB16: 0.18136461 | BC16: 0.065392331 | BD16: -0.025047737 | BE16: 0.055749585 | BF16: 0.13590411 | BG16: 0.10367992 | BH16: 0.12147275 | BI16: 0.040348435 | BJ16: 0.11634242 | BK16: -0.036488351 | BL16: 0.069396399 | BM16: 0.044461594 | BN16: -0.021653837 | BO16: 0.025701079 | BP16: -0.044135395 | BQ16: 0.016526034 | BR16: 0.11314364 | BS16: -0.0079012392 | BT16: 0.012797701 | BU16: 0.04248524 | BV16: 0.037578374 | BW16: 0.33664394 | BX16: 0.046677909 | BY16: 0.13162601 | BZ16: 0.10500368 | CA16: 0.0221427 | CB16: 0.065264696 | CC16: 0.11825016 | CD16: 0.11570921 | CE16: 0.069763241 | CF16: 0.082940336 | CG16: 0.11597682 | CH16: 0.048054505 | CI16: 0.049089741 | CJ16: 0.030955417 | CK16: 0.1414699 | CL16: 0.3115428 | CM16: 0.052124071 | CN16: 0.17176381 | CO16: 0.18300397 | CP16: 0.11273963 | CQ16: 0.075659969 | CR16: 0.030724192 | CS16: 0.0100014 | CT16: 0.028909286 | CU16: 0.15928631 | CV16: 0.13244233 | CW16: 0.055800521 | CX16: 0.058083728 | CY16: 0.078936117 | CZ16: 0.11871138 | DA16: 0.095888549 | DB16: 0.057360445 | DC16: 0.015595176 | DD16: 0.081763272 | DE16: 0.052450111 | DF16: 0.32192975 | DG16: 0.044449393 | DH16: 0.15270632 | DI16: 0.043303131 | DJ16: 0.038300463 | DK16: 0.083260594 | DL16: 0.0096269309 | DM16: -0.036759747 | DN16: 0.022233967 | DO16: 0.05537644 | DP16: 0.146368 | DQ16: 0.024838896 | DR16: 0.037831497 | DS16: 0.052113583 | DT16: 0.058933335 | DU16: 0.085341215 | DV16: 0.15138813 | DW16: 0.037742997 | DX16: 0.064285001 | DY16: 0.24509916 | DZ16: 0.046178941 | EA16: 0.015304943 | EB16: 0.11109854 | EC16: 0.082284542 | ED16: 0.14742157 | EE16: 0.011537607 | EF16: 0.06024264 | EG16: 0.39578696 | EH16: -0.02327539 | EI16: 0.02581173 | EJ16: 0.077611135 | EK16: 0.03627353 | EL16: 0.094527384 | EM16: =AVERAGE(C16:EL16) -> 0.077314032 | EN16: =STDEV(C16:EL16) -> 0.080606755 | EO16: =EM16/EN16 -> 0.95915077
A17: 130 | B17: =ROUND($D$10/A17,0) -> 8 | C17: 0.23789705 | D17: 0.18133129 | E17: 0.076702626 | F17: 0.056491027 | G17: 0.088781682 | H17: 0.039953295 | I17: 0.15376841 | J17: 0.15964101 | K17: 0.016624608 | L17: -0.0074515064 | M17: 0.055237105 | N17: 0.31927896 | O17: -0.024067294 | P17: 0.077831432 | Q17: 0.0079022645 | R17: -0.068471776 | S17: 0.2459656 | T17: 0.093876727 | U17: -0.073605682 | V17: 0.010198759 | W17: 0.045379488 | X17: 0.17625246 | Y17: 0.033272864 | Z17: 0.034849786 | AA17: 0.15968294 | AB17: 0.085885231 | AC17: 0.056501261 | AD17: -0.029598498 | AE17: 0.17483925 | AF17: 0.18161714 | AG17: 0.066435099 | AH17: -0.049437542 | AI17: -0.0011848961 | AJ17: -0.042250027 | AK17: 0.031812486 | AL17: 0.034172977 | AM17: 0.044527644 | AN17: 0.11503171 | AO17: 0.029150084 | AP17: 0.085202771 | AQ17: -0.033097297 | AR17: 0.054951162 | AS17: -0.086099673 | AT17: 0.26750173 | AU17: 0.13777321 | AV17: 0.056706305 | AW17: 0.12680047 | AX17: 0.096011083 | AY17: 0.03862585 | AZ17: 0.026112753 | BA17: 0.1683477 | BB17: 0.20214347 | BC17: 0.081917918 | BD17: -0.01583429 | BE17: 0.079146429 | BF17: 0.14947847 | BG17: 0.089104615 | BH17: 0.12412671 | BI17: 0.024448209 | BJ17: 0.12527426 | BK17: -0.040770554 | BL17: 0.043403096 | BM17: 0.023685773 | BN17: -0.017785292 | BO17: 0.01026863 | BP17: -0.051687061 | BQ17: 0.039513526 | BR17: 0.12604134 | BS17: -0.0092324974 | BT17: 0.0012266991 | BU17: 0.071890941 | BV17: 0.065900934 | BW17: 0.38902933 | BX17: 0.051844993 | BY17: 0.09546082 | BZ17: 0.11817692 | CA17: 0.019416681 | CB17: 0.066333613 | CC17: 0.18432007 | CD17: 0.14623125 | CE17: 0.088883514 | CF17: 0.075392684 | CG17: 0.12327028 | CH17: 0.08287238 | CI17: 0.055913289 | CJ17: 0.017740045 | CK17: 0.14304347 | CL17: 0.3402882 | CM17: 0.038686091 | CN17: 0.13461178 | CO17: 0.13711923 | CP17: 0.12017581 | CQ17: 0.066152951 | CR17: 0.029283681 | CS17: 0.032669997 | CT17: 0.039818933 | CU17: 0.15469155 | CV17: 0.12279516 | CW17: 0.06956224 | CX17: 0.049065006 | CY17: 0.046190211 | CZ17: 0.16623878 | DA17: 0.084473678 | DB17: 0.058532683 | DC17: 0.025802332 | DD17: 0.096005186 | DE17: 0.020616317 | DF17: 0.34811953 | DG17: 0.050927878 | DH17: 0.17700917 | DI17: 0.05902996 | DJ17: 0.040386118 | DK17: 0.095776785 | DL17: 0.0033776522 | DM17: -0.043442597 | DN17: 0.054541208 | DO17: 0.07516469 | DP17: 0.17925711 | DQ17: 0.047643837 | DR17: 0.05372812 | DS17: 0.040247977 | DT17: 0.076728353 | DU17: 0.094942711 | DV17: 0.16779805 | DW17: 0.025002201 | DX17: 0.072360521 | DY17: 0.25068056 | DZ17: 0.033849734 | EA17: 0.009396136 | EB17: 0.12095982 | EC17: 0.056703449 | ED17: 0.16432987 | EE17: 0.02611294 | EF17: 0.07172012 | EG17: 0.44216671 | EH17: -0.020238807 | EI17: 0.022829268 | EJ17: 0.076872405 | EK17: 0.044324995 | EL17: 0.093526203 | EM17: =AVERAGE(C17:EL17) -> 0.081131888 | EN17: =STDEV(C17:EL17) -> 0.087920383 | EO17: =EM17/EN17 -> 0.92278815
A18: 150 | B18: =ROUND($D$10/A18,0) -> 7 | C18: 0.24368729 | D18: 0.19928275 | E18: 0.10018499 | F18: 0.029665957 | G18: 0.075490668 | H18: 0.062052684 | I18: 0.14821157 | J18: 0.19319963 | K18: 0.045576886 | L18: -0.0473979 | M18: 0.053938886 | N18: 0.36380387 | O18: -0.00051258915 | P18: 0.064985121 | Q18: -0.019624524 | R18: -0.07653748 | S18: 0.28114322 | T18: 0.088495999 | U18: -0.06371502 | V18: 0.017150908 | W18: 0.050611891 | X18: 0.22365035 | Y18: 0.041263726 | Z18: 0.079093475 | AA18: 0.14275687 | AB18: 0.094821421 | AC18: 0.068592044 | AD18: -0.026866366 | AE18: 0.20233266 | AF18: 0.23353329 | AG18: 0.055242557 | AH18: -0.040197461 | AI18: 0.014126981 | AJ18: -0.042673163 | AK18: -0.002187481 | AL18: 0.051371435 | AM18: 0.032364638 | AN18: 0.1272885 | AO18: 0.0130722 | AP18: 0.086893121 | AQ18: 0.0069686748 | AR18: 0.060067609 | AS18: -0.034980857 | AT18: 0.2975536 | AU18: 0.13825374 | AV18: 0.036288329 | AW18: 0.18435776 | AX18: 0.13848386 | AY18: 0.087330041 | AZ18: 0.04134964 | BA18: 0.17834058 | BB18: 0.22902924 | BC18: 0.082288825 | BD18: -0.010232032 | BE18: 0.07597797 | BF18: 0.14387298 | BG18: 0.063329549 | BH18: 0.12438676 | BI18: 0.038239825 | BJ18: 0.0227653 | BK18: -0.040177172 | BL18: 0.059180796 | BM18: 0.047064733 | BN18: -0.020448989 | BO18: 0.020516468 | BP18: -0.058439021 | BQ18: 0.016229383 | BR18: 0.10983754 | BS18: -0.0087511588 | BT18: -0.0035308846 | BU18: 0.089383805 | BV18: -0.0095384602 | BW18: 0.43068383 | BX18: 0.035209839 | BY18: 0.087918547 | BZ18: 0.15079709 | CA18: 0.023223984 | CB18: 0.07872429 | CC18: 0.21996525 | CD18: 0.16567419 | CE18: 0.069460899 | CF18: 0.092314423 | CG18: 0.17068848 | CH18: 0.10811341 | CI18: 0.03025441 | CJ18: 0.00082733433 | CK18: 0.14910622 | CL18: 0.36775012 | CM18: 0.023792103 | CN18: 0.1687112 | CO18: 0.16749636 | CP18: 0.13085801 | CQ18: 0.047890905 | CR18: 0.038174056 | CS18: 0.043224755 | CT18: 0.030788312 | CU18: 0.16723456 | CV18: 0.10583157 | CW18: 0.081713486 | CX18: 0.052648091 | CY18: 0.065170046 | CZ18: 0.2000288 | DA18: 0.076047417 | DB18: 0.05554653 | DC18: 0.016338911 | DD18: 0.063134171 | DE18: 0.040133907 | DF18: 0.36199941 | DG18: 0.061064663 | DH18: 0.20586588 | DI18: 0.057437414 | DJ18: 0.047666267 | DK18: 0.067768733 | DL18: 0.0036194321 | DM18: -0.038027462 | DN18: 0.022669505 | DO18: 0.04152947 | DP18: 0.1930815 | DQ18: 0.037166409 | DR18: 0.052098328 | DS18: 0.014585284 | DT18: 0.095508567 | DU18: 0.11917142 | DV18: 0.19266368 | DW18: 0.05781256 | DX18: 0.062595078 | DY18: 0.27859859 | DZ18: 0.0011714753 | EA18: -0.017945666 | EB18: 0.10907789 | EC18: 0.05186524 | ED18: 0.16122649 | EE18: 0.020407386 | EF18: 0.082038992 | EG18: 0.49174202 | EH18: -0.023474761 | EI18: 0.014951567 | EJ18: 0.052617469 | EK18: 0.045567285 | EL18: 0.044722641 | EM18: =AVERAGE(C18:EL18) -> 0.085667788 | EN18: =STDEV(C18:EL18) -> 0.098236878 | EO18: =EM18/EN18 -> 0.87205324
A19: 180 | B19: =ROUND($D$10/A19,0) -> 6 | C19: 0.25825037 | D19: 0.20816772 | E19: 0.073818854 | F19: 0.018539269 | G19: 0.11281383 | H19: 0.08653379 | I19: 0.18313299 | J19: 0.2060553 | K19: 0.04288124 | L19: -0.053179775 | M19: 0.056587152 | N19: 0.41276888 | O19: 0.051189915 | P19: 0.08090003 | Q19: -0.050602909 | R19: -0.090299091 | S19: 0.32455081 | T19: 0.070706363 | U19: -0.064758127 | V19: 0.0054719785 | W19: 0.015187091 | X19: 0.22802403 | Y19: 0.041111502 | Z19: 0.079788074 | AA19: 0.10241977 | AB19: 0.079004586 | AC19: 0.048961984 | AD19: -0.041380571 | AE19: 0.23675418 | AF19: 0.24569995 | AG19: 0.048677234 | AH19: -0.056557715 | AI19: 0.031554436 | AJ19: -0.046836086 | AK19: 0.0075520425 | AL19: 0.059399001 | AM19: 0.032585017 | AN19: 0.11732234 | AO19: 0.023521152 | AP19: 0.095720651 | AQ19: 0.0018043551 | AR19: 0.061340989 | AS19: -0.057025232 | AT19: 0.33000222 | AU19: 0.15211368 | AV19: 0.040899919 | AW19: 0.20316137 | AX19: 0.18062021 | AY19: 0.090833527 | AZ19: 0.054875564 | BA19: 0.18450106 | BB19: 0.28755667 | BC19: 0.082725621 | BD19: -0.020372363 | BE19: 0.081058889 | BF19: 0.13026631 | BG19: -0.015144015 | BH19: 0.12966873 | BI19: 0.062583964 | BJ19: 0.024018118 | BK19: -0.089766859 | BL19: 0.067122935 | BM19: 0.049110781 | BN19: -0.013391265 | BO19: 0.02101985 | BP19: -0.068391037 | BQ19: 0.033457615 | BR19: 0.12323953 | BS19: -0.0089670616 | BT19: -0.035563239 | BU19: 0.09834372 | BV19: -0.04963926 | BW19: 0.35651024 | BX19: 0.012701726 | BY19: 0.094645219 | BZ19: 0.060872017 | CA19: 0.022382909 | CB19: 0.013789671 | CC19: 0.24176329 | CD19: 0.1634234 | CE19: 0.037209123 | CF19: 0.057049273 | CG19: 0.14129642 | CH19: 0.12967081 | CI19: 0.026363132 | CJ19: 0.0018728497 | CK19: 0.15223797 | CL19: 0.39173754 | CM19: 0.024237295 | CN19: 0.20357545 | CO19: 0.18612998 | CP19: 0.16282924 | CQ19: 0.046129026 | CR19: 0.036247753 | CS19: 0.055060465 | CT19: 0.036441796 | CU19: 0.17077279 | CV19: 0.13455717 | CW19: 0.067731066 | CX19: 0.1188798 | CY19: 0.072991215 | CZ19: 0.22268516 | DA19: 0.044898319 | DB19: 0.058652618 | DC19: -0.058594249 | DD19: 0.032007773 | DE19: 0.086484227 | DF19: 0.20002704 | DG19: 0.066791453 | DH19: 0.24633455 | DI19: 0.076023014 | DJ19: 0.050612658 | DK19: 0.062506167 | DL19: -0.0051896576 | DM19: -0.065564814 | DN19: 0.032923718 | DO19: 0.039010652 | DP19: 0.18722171 | DQ19: 0.050447793 | DR19: 0.050246246 | DS19: 0.00044112623 | DT19: 0.073921319 | DU19: 0.11597873 | DV19: 0.17771197 | DW19: 0.075899946 | DX19: 0.067368661 | DY19: 0.26829386 | DZ19: 0.027232235 | EA19: 0.0077747406 | EB19: 0.1203181 | EC19: 0.035933992 | ED19: 0.19894255 | EE19: 0.030408355 | EF19: 0.072902632 | EG19: 0.58220862 | EH19: -0.071339264 | EI19: -0.020693682 | EJ19: 0.057543775 | EK19: 0.041623588 | EL19: 0.044033342 | EM19: =AVERAGE(C19:EL19) -> 0.085123144 | EN19: =STDEV(C19:EL19) -> 0.10710804 | EO19: =EM19/EN19 -> 0.79474092
A20: 200 | B20: =ROUND($D$10/A20,0) -> 5 | C20: 0.24103575 | D20: 0.22395276 | E20: 0.048815066 | F20: -0.027411849 | G20: 0.13326717 | H20: 0.12733286 | I20: 0.2142285 | J20: 0.22900575 | K20: 0.080698574 | L20: -0.057745399 | M20: 0.043807329 | N20: 0.4793614 | O20: 0.042734025 | P20: 0.094817749 | Q20: -0.026830945 | R20: -0.10925306 | S20: 0.27746771 | T20: 0.092488242 | U20: -0.044860999 | V20: 0.033003556 | W20: -0.0051830151 | X20: 0.19290231 | Y20: 0.042626995 | Z20: 0.091419716 | AA20: 0.095415529 | AB20: 0.11522085 | AC20: 0.065352664 | AD20: 0.0074482705 | AE20: 0.14193566 | AF20: 0.23868404 | AG20: 0.027659219 | AH20: -0.090178201 | AI20: 0.030638749 | AJ20: -0.061990035 | AK20: -0.013595115 | AL20: 0.06732844 | AM20: 0.035351237 | AN20: 0.12084147 | AO20: 0.033309502 | AP20: 0.086745238 | AQ20: -0.022718044 | AR20: 0.062905685 | AS20: -0.073246356 | AT20: 0.20306259 | AU20: 0.17397435 | AV20: 0.026086323 | AW20: 0.26649662 | AX20: 0.17901395 | AY20: 0.11224017 | AZ20: 0.050576081 | BA20: 0.21454655 | BB20: 0.29812631 | BC20: 0.0395224 | BD20: -0.015998214 | BE20: 0.05420768 | BF20: 0.15957317 | BG20: 0.0012954825 | BH20: 0.09101886 | BI20: 0.089047958 | BJ20: 0.019418236 | BK20: -0.044707859 | BL20: 0.074609524 | BM20: 0.056480863 | BN20: -0.036520911 | BO20: 0.023612563 | BP20: -0.00070586227 | BQ20: 0.042904947 | BR20: 0.15807728 | BS20: -0.02436463 | BT20: -0.057929858 | BU20: 0.10665679 | BV20: -0.057447555 | BW20: 0.42242582 | BX20: -0.016073797 | BY20: 0.09275567 | BZ20: 0.086739353 | CA20: 0.017341988 | CB20: 0.022364425 | CC20: 0.26709573 | CD20: 0.17836063 | CE20: 0.032857624 | CF20: 0.065930866 | CG20: 0.13171375 | CH20: 0.1391514 | CI20: -0.0041774733 | CJ20: -0.051555945 | CK20: 0.11339293 | CL20: 0.39075319 | CM20: 0.0083382579 | CN20: 0.10407991 | CO20: 0.21784067 | CP20: 0.15236924 | CQ20: 0.045176644 | CR20: 0.045103738 | CS20: 0.035040748 | CT20: 0.057906913 | CU20: 0.16194417 | CV20: 0.15168961 | CW20: 0.053587192 | CX20: 0.12069465 | CY20: 0.090125293 | CZ20: 0.20179986 | DA20: 0.022041977 | DB20: 0.07696807 | DC20: -0.034561131 | DD20: 0.034565162 | DE20: 0.067537504 | DF20: 0.22982781 | DG20: 0.074371572 | DH20: 0.30439257 | DI20: 0.12416072 | DJ20: 0.11771965 | DK20: 0.07330978 | DL20: 0.0054649496 | DM20: -0.0075266043 | DN20: 0.045053325 | DO20: -0.01785512 | DP20: 0.17009872 | DQ20: 0.041618122 | DR20: 0.058604563 | DS20: -0.028698637 | DT20: 0.068042387 | DU20: 0.1160416 | DV20: 0.20180049 | DW20: 0.074901762 | DX20: 0.068670561 | DY20: 0.33206307 | DZ20: 0.029062312 | EA20: 0.0020601827 | EB20: 0.13359364 | EC20: 0.051561124 | ED20: 0.20700659 | EE20: 0.034307819 | EF20: 0.084458715 | EG20: 0.6428665 | EH20: -0.08616221 | EI20: -0.016322785 | EJ20: 0.037389857 | EK20: 0.049176622 | EL20: -0.016442584 | EM20: =AVERAGE(C20:EL20) -> 0.087097175 | EN20: =STDEV(C20:EL20) -> 0.11372608 | EO20: =EM20/EN20 -> 0.76585052
A21: 256 | B21: =ROUND($D$10/A21,0) -> 4 | C21: 0.24900647 | D21: 0.18724832 | E21: 0.070282274 | F21: 0.069409277 | G21: 0.062455603 | H21: 0.083509199 | I21: 0.21735428 | J21: 0.2850354 | K21: 0.064334981 | L21: -0.04172274 | M21: -0.029350118 | N21: 0.58489126 | O21: 0.05885514 | P21: 0.1103949 | Q21: 0.017744004 | R21: -0.095575311 | S21: 0.2546828 | T21: 0.11571896 | U21: -0.015792012 | V21: 0.019105437 | W21: -0.031960015 | X21: 0.19383702 | Y21: 0.094011996 | Z21: 0.096457432 | AA21: 0.092108182 | AB21: 0.11670997 | AC21: 0.06611486 | AD21: 0.01697952 | AE21: 0.15043393 | AF21: 0.2427615 | AG21: 0.044302778 | AH21: -0.10758136 | AI21: -0.022718914 | AJ21: -0.070405342 | AK21: -0.030643434 | AL21: 0.11096215 | AM21: 0.051301939 | AN21: 0.10643114 | AO21: 0.18036049 | AP21: 0.10480817 | AQ21: -0.046577566 | AR21: 0.087781597 | AS21: -0.11741732 | AT21: 0.21118407 | AU21: 0.1963969 | AV21: 0.013890262 | AW21: 0.28277325 | AX21: 0.15731136 | AY21: 0.13897813 | AZ21: 0.061468477 | BA21: 0.16630847 | BB21: 0.41331183 | BC21: 0.059896201 | BD21: 0.0077711636 | BE21: 0.13674536 | BF21: 0.19911722 | BG21: -0.093639109 | BH21: 0.1747792 | BI21: 0.059055113 | BJ21: 0.021522475 | BK21: -0.072723115 | BL21: 0.094508283 | BM21: 0.040795286 | BN21: -0.039097178 | BO21: -0.10661704 | BP21: 0.0072557031 | BQ21: 0.058010345 | BR21: 0.13736323 | BS21: -0.029758593 | BT21: -0.090003492 | BU21: 0.12746595 | BV21: -0.082098962 | BW21: 0.54260973 | BX21: -0.033159726 | BY21: 0.076881614 | BZ21: 0.093741646 | CA21: 0.064338154 | CB21: 0.036725783 | CC21: 0.17931875 | CD21: 0.24407683 | CE21: 0.031129962 | CF21: 0.054182445 | CG21: 0.1528728 | CH21: 0.00029607807 | CI21: -0.0030038033 | CJ21: -0.019661774 | CK21: 0.23663133 | CL21: 0.46678162 | CM21: -0.038292791 | CN21: 0.16385132 | CO21: 0.2413941 | CP21: 0.18306963 | CQ21: 0.04707242 | CR21: 0.041319889 | CS21: -0.031863383 | CT21: 0.067406807 | CU21: 0.17793682 | CV21: 0.20039656 | CW21: 0.043841589 | CX21: 0.14011729 | CY21: 0.11065031 | CZ21: 0.29550478 | DA21: 0.018335652 | DB21: 0.071461214 | DC21: -0.05244865 | DD21: 0.033671196 | DE21: 0.032131777 | DF21: 0.28613086 | DG21: 0.050042124 | DH21: 0.35821167 | DI21: 0.15186657 | DJ21: 0.11885608 | DK21: 0.076846385 | DL21: 0.021920189 | DM21: -0.024201303 | DN21: 0.029428371 | DO21: 0.01406641 | DP21: 0.11489911 | DQ21: 0.10920828 | DR21: 0.01851543 | DS21: -0.011682443 | DT21: -0.007893933 | DU21: 0.087036162 | DV21: 0.26431885 | DW21: 0.10898332 | DX21: 0.079471504 | DY21: 0.33648536 | DZ21: 0.014748174 | EA21: -0.053623856 | EB21: 0.089072393 | EC21: 0.054546207 | ED21: 0.092108523 | EE21: 0.031907537 | EF21: 0.08441724 | EG21: 0.76549825 | EH21: -0.053789794 | EI21: -0.0022718701 | EJ21: 0.024361895 | EK21: 0.0684961 | EL21: 0.026006532 | EM21: =AVERAGE(C21:EL21) -> 0.093149442 | EN21: =STDEV(C21:EL21) -> 0.13465774 | EO21: =EM21/EN21 -> 0.69174964
A22: 400 | B22: =ROUND($D$10/A22,0) -> 3 | C22: 0.28886619 | D22: 0.036573722 | E22: -0.017355099 | F22: 0.13986745 | G22: 0.10388436 | H22: 0.068510694 | I22: 0.21695806 | J22: 0.37609347 | K22: 0.02865678 | L22: 0.0039536714 | M22: -0.016096387 | N22: 0.75614344 | O22: 0.084166449 | P22: 0.026945954 | Q22: 0.034657141 | R22: -0.036628434 | S22: 0.072840827 | T22: 0.13585715 | U22: -0.044683532 | V22: 0.051797092 | W22: -0.032845179 | X22: 0.15785005 | Y22: 0.14950845 | Z22: 0.074601572 | AA22: 0.052507972 | AB22: 0.11750158 | AC22: 0.093396379 | AD22: 0.0089391604 | AE22: 0.13325425 | AF22: 0.27237225 | AG22: 0.05284154 | AH22: -0.10586596 | AI22: 0.020499608 | AJ22: -0.031699849 | AK22: 0.10128856 | AL22: 0.036840806 | AM22: 0.084088903 | AN22: 0.1772072 | AO22: 0.23610215 | AP22: 0.18456059 | AQ22: -0.17906239 | AR22: 0.082546725 | AS22: -0.022170482 | AT22: 0.11360434 | AU22: 0.27983615 | AV22: 0.079203229 | AW22: 0.41689457 | AX22: -0.047737841 | AY22: 0.1943425 | AZ22: 0.063956461 | BA22: 0.17858893 | BB22: 0.49016727 | BC22: -0.11554173 | BD22: 0.038662233 | BE22: 0.12806788 | BF22: 0.19910245 | BG22: -0.14297035 | BH22: 0.12770701 | BI22: -0.017540795 | BJ22: -0.0185016 | BK22: -0.048315241 | BL22: 0.11765695 | BM22: 0.0024304832 | BN22: -0.045815705 | BO22: -0.092277714 | BP22: 0.0023376902 | BQ22: 0.077351978 | BR22: 0.1469567 | BS22: 0.044078423 | BT22: -0.10520092 | BU22: 0.15266741 | BV22: -0.047266465 | BW22: 0.31056566 | BX22: -0.031911449 | BY22: 0.050267437 | BZ22: 0.041370983 | CA22: 0.046015862 | CB22: 0.043804174 | CC22: 0.27544482 | CD22: 0.3556731 | CE22: 0.013503449 | CF22: 0.1025081 | CG22: 0.32392308 | CH22: -0.026427163 | CI22: -0.015860418 | CJ22: -0.010540719 | CK22: 0.17643921 | CL22: 0.49541388 | CM22: -0.047372368 | CN22: 0.18215713 | CO22: 0.1715297 | CP22: 0.20656798 | CQ22: 0.092165908 | CR22: 0.0447396 | CS22: -0.068236067 | CT22: 0.095120869 | CU22: 0.19271417 | CV22: 0.23628081 | CW22: -0.010226546 | CX22: 0.12678553 | CY22: 0.13548943 | CZ22: 0.35215157 | DA22: 0.022473098 | DB22: 0.054041622 | DC22: -0.02408346 | DD22: 0.13835465 | DE22: -0.017756504 | DF22: 0.38966763 | DG22: 0.074791032 | DH22: 0.12640435 | DI22: 0.22468947 | DJ22: 0.10351464 | DK22: 0.072696131 | DL22: 0.033109115 | DM22: -0.023144336 | DN22: 0.010117601 | DO22: -0.061460673 | DP22: 0.088552486 | DQ22: 0.21106094 | DR22: -0.057297033 | DS22: -0.039948517 | DT22: 0.038469138 | DU22: 0.10201901 | DV22: 0.29109562 | DW22: -0.081415413 | DX22: 0.08318424 | DY22: 0.24344283 | DZ22: -0.0021797216 | EA22: -0.05422664 | EB22: 0.20437536 | EC22: 0.045053778 | ED22: 0.12755979 | EE22: 0.0016702628 | EF22: 0.034354893 | EG22: 0.94008944 | EH22: -0.090196327 | EI22: 0.0098367297 | EJ22: 0.062733872 | EK22: 0.1079891 | EL22: 0.047714946 | EM22: =AVERAGE(C22:EL22) -> 0.096036629 | EN22: =STDEV(C22:EL22) -> 0.15496649 | EO22: =EM22/EN22 -> 0.61972513
A23: 512 | B23: =ROUND($D$10/A23,0) -> 2 | C23: 0.28298927 | D23: 0.025572739 | E23: 0.13300519 | F23: 0.0037402329 | G23: -0.026971569 | H23: -0.018188471 | I23: 0.14815203 | J23: 0.11203535 | K23: -0.059917885 | L23: -0.050770834 | M23: -0.066725324 | N23: 0.97590144 | O23: -0.0023021518 | P23: 0.0033889195 | Q23: 0.067091137 | R23: -0.056211143 | S23: 0.084011483 | T23: 0.039614189 | U23: -0.19395986 | V23: 0.054692462 | W23: 0.0041345118 | X23: 0.18178119 | Y23: 0.23418396 | Z23: 0.13179101 | AA23: 0.13010524 | AB23: 0.15024155 | AC23: 0.097299095 | AD23: 0.042570963 | AE23: 0.15243654 | AF23: 0.19177289 | AG23: 0.091873658 | AH23: -0.084171585 | AI23: 0.030243744 | AJ23: 0.0481956 | AK23: 0.1141111 | AL23: 0.050760011 | AM23: 0.007769489 | AN23: 0.2423147 | AO23: 0.24640716 | AP23: 0.092917767 | AQ23: -0.18719278 | AR23: 0.14613616 | AS23: -0.062783844 | AT23: 0.1095059 | AU23: 0.31867753 | AV23: 0.15047651 | AW23: 0.091470967 | AX23: -0.014812779 | AY23: 0.17023398 | AZ23: 0.078071577 | BA23: 0.053998339 | BB23: 0.48557915 | BC23: -0.30082825 | BD23: 0.065076817 | BE23: 0.12429214 | BF23: 0.21000911 | BG23: -0.27238302 | BH23: 0.063365196 | BI23: 0.08141688 | BJ23: -0.046193151 | BK23: -0.047849323 | BL23: 0.11436629 | BM23: -0.069495462 | BN23: -0.15467717 | BO23: -0.19280643 | BP23: -0.009863038 | BQ23: 0.10425946 | BR23: 0.13241533 | BS23: -0.00049110058 | BT23: 0.10807709 | BU23: 0.23163287 | BV23: -0.053269051 | BW23: 0.31868519 | BX23: -0.083160926 | BY23: 0.083991021 | BZ23: -0.072330498 | CA23: 0.11584797 | CB23: 0.05611433 | CC23: 0.44318287 | CD23: 0.45821457 | CE23: -0.014933939 | CF23: 0.16761438 | CG23: 0.39327675 | CH23: -0.073046098 | CI23: 0.0056784922 | CJ23: -0.0021967846 | CK23: 0.31480429 | CL23: 0.34053143 | CM23: 0.019919502 | CN23: 0.29632285 | CO23: 0.16683225 | CP23: 0.23209987 | CQ23: 0.11133205 | CR23: 0.0016288977 | CS23: 0.0052840662 | CT23: 0.10388496 | CU23: 0.24014428 | CV23: 0.3097785 | CW23: -0.019053529 | CX23: -0.042852381 | CY23: 0.17213841 | CZ23: 0.44770534 | DA23: 0.025018511 | DB23: 0.018747066 | DC23: 0.11415247 | DD23: 0.092798675 | DE23: -0.060085948 | DF23: 0.40879492 | DG23: 0.029625501 | DH23: 0.13922689 | DI23: 0.092924309 | DJ23: 0.057281999 | DK23: 0.063146578 | DL23: 0.054101277 | DM23: -0.033366756 | DN23: 0.17592581 | DO23: -0.049077327 | DP23: 0.17431301 | DQ23: 0.28304274 | DR23: -0.060496157 | DS23: -0.11657599 | DT23: 0.083862877 | DU23: 0.055639479 | DV23: 0.52435736 | DW23: 0.023051821 | DX23: 0.10460565 | DY23: 0.35963099 | DZ23: 0.060555375 | EA23: -0.096958321 | EB23: 0.33153538 | EC23: 0.016845937 | ED23: 0.11627237 | EE23: 0.027630933 | EF23: 0.090054994 | EG23: 1.286951 | EH23: -0.18195095 | EI23: 0.014102849 | EJ23: -0.069451151 | EK23: 0.12396271 | EL23: 0.037867477 | EM23: =AVERAGE(C23:EL23) -> 0.098955744 | EN23: =STDEV(C23:EL23) -> 0.1945888 | EO23: =EM23/EN23 -> 0.50853771
A24: 1051 | B24: =ROUND($D$10/A24,0) -> 1 | C24: 0.099113364 | D24: 0.10060991 | E24: 0.2845125 | F24: -0.075326494 | G24: -0.022622389 | H24: 0.035855797 | I24: -0.0021119332 | J24: -0.054302156 | K24: 0.053732997 | L24: -0.093799693 | M24: -0.14681934 | N24: 1.7690314 | O24: 0.036648791 | P24: 0.10424841 | Q24: 0.090144949 | R24: -0.24569737 | S24: 0.1008088 | T24: -0.077938396 | U24: -0.28585629 | V24: -0.15982629 | W24: -0.16456452 | X24: -0.036157896 | Y24: -0.0094770149 | Z24: 0.11139618 | AA24: 0.28502017 | AB24: 0.19533962 | AC24: -0.00042768817 | AD24: 0.1011753 | AE24: 0.11173128 | AF24: 0.074833925 | AG24: 0.13313425 | AH24: -0.05669736 | AI24: 0.21453722 | AJ24: -0.080891244 | AK24: 0.084883953 | AL24: 0.087173701 | AM24: -0.018919281 | AN24: 0.22118947 | AO24: 0.1029057 | AP24: 0.022851715 | AQ24: -0.29800338 | AR24: 0.17083341 | AS24: -0.059514128 | AT24: 0.15076898 | AU24: 0.47705419 | AV24: 0.24768466 | AW24: 0.12663114 | AX24: 0.11149134 | AY24: 0.16812729 | AZ24: 0.11862373 | BA24: 0.050491305 | BB24: 0.87270315 | BC24: -0.80321601 | BD24: 0.018631034 | BE24: -0.057380538 | BF24: -0.064370421 | BG24: -0.090984228 | BH24: 0.14767357 | BI24: 0.14021393 | BJ24: -0.10732902 | BK24: -0.034827647 | BL24: 0.10610692 | BM24: 0.08478294 | BN24: 0.10891326 | BO24: -0.16110969 | BP24: 0.031794104 | BQ24: -0.064169633 | BR24: 0.098920889 | BS24: -0.14032011 | BT24: 0.27671902 | BU24: 0.0087484923 | BV24: -0.046258706 | BW24: 0.15699245 | BX24: -0.23222627 | BY24: 0.29033687 | BZ24: -0.20258079 | CA24: 0.10875309 | CB24: 0.052917307 | CC24: -0.21983119 | CD24: 0.2390466 | CE24: -0.055004727 | CF24: 0.11681539 | CG24: 0.64058463 | CH24: -0.10127493 | CI24: 0.12117759 | CJ24: -0.4374308 | CK24: -0.008787376 | CL24: 0.65620131 | CM24: 0.0027194555 | CN24: 0.60755967 | CO24: 0.08735443 | CP24: 0.12929403 | CQ24: 0.1309272 | CR24: 0.02212628 | CS24: 0.15934836 | CT24: 0.38294619 | CU24: 0.052729045 | CV24: 0.26202484 | CW24: -0.29572306 | CX24: 0.14693642 | CY24: 0.36022805 | CZ24: 0.34631321 | DA24: 0.033979585 | DB24: -0.016501866 | DC24: 0.1944536 | DD24: -0.19584472 | DE24: 0.13158559 | DF24: 0.52558501 | DG24: 0.11954529 | DH24: 0.26580268 | DI24: 0.14201474 | DJ24: 0.021081471 | DK24: 0.06348336 | DL24: 0.047769086 | DM24: 0.025807675 | DN24: 0.13696045 | DO24: -0.040894289 | DP24: 0.33563188 | DQ24: 0.3470111 | DR24: -0.046637311 | DS24: -0.067362546 | DT24: 0.0056640306 | DU24: -0.021781395 | DV24: 0.65439619 | DW24: 0.1011825 | DX24: -0.10618198 | DY24: 0.34380429 | DZ24: 0.050469182 | EA24: -0.027229621 | EB24: 0.68520167 | EC24: 0.013684175 | ED24: 0.1147491 | EE24: 0.10748066 | EF24: 0.13408708 | EG24: 2.3153613 | EH24: -0.38423032 | EI24: 0.11174428 | EJ24: -0.085941736 | EK24: 0.13991261 | EL24: 0.065077029 | EM24: =AVERAGE(C24:EL24) -> 0.10171619 | EN24: =STDEV(C24:EL24) -> 0.32087857 | EO24: =EM24/EN24 -> 0.31699279
A25: 大盤 | B25: TWII | C25: -0.017446771 | D25: 0.020701061 | E25: 0.023982129 | F25: -0.006557579 | G25: 0.03184513 | H25: 0.034348533 | I25: -0.0082549328 | J25: 0.012843524 | K25: -0.051018525 | L25: 0.00087394274 | M25: 0.023389576 | N25: 0.012988972 | O25: 0.0058545887 | P25: 0.027413207 | Q25: -0.0037129361 | R25: 0.024076614 | S25: -0.012190025 | T25: -0.039749578 | U25: -0.07315545 | V25: -0.05826023 | W25: 0.00077279757 | X25: 0.044591521 | Y25: -0.02769968 | Z25: 0.0020950059 | AA25: -0.023400551 | AB25: 0.032129371 | AC25: 0.038903273 | AD25: -0.042865382 | AE25: 0.018647195 | AF25: 0.015229768 | AG25: 0.036016604 | AH25: 0.0093546114 | AI25: 0.010748251 | AJ25: 0.013357754 | AK25: -0.0053327473 | AL25: 0.0013831358 | AM25: 0.020795928 | AN25: 0.031517702 | AO25: 0.0062417165 | AP25: 0.0061452617 | AQ25: 0.016946358 | AR25: 0.03468283 | AS25: 0.0030985886 | AT25: 0.015081347 | AU25: -0.019251209 | AV25: 0.038711513 | AW25: -0.021856951 | AX25: 0.0077743007 | AY25: 0.042397247 | AZ25: -0.026308975 | BA25: 0.0095717493 | BB25: -0.024249741 | BC25: 0.020163374 | BD25: -0.0035049988 | BE25: 0.020151935 | BF25: 0.00058133623 | BG25: -0.005219701 | BH25: -0.11587176 | BI25: 0.0087252257 | BJ25: -0.016377261 | BK25: 0.020840372 | BL25: 0.044975872 | BM25: 0.023954306 | BN25: 0.030239101 | BO25: -0.043725888 | BP25: 0.02188947 | BQ25: 0.0086274303 | BR25: -0.019192954 | BS25: 0.01973513 | BT25: 0.047694337 | BU25: 0.011454817 | BV25: 0.043228621 | BW25: -0.04274743 | BX25: -0.017811292 | BY25: -0.1511531 | BZ25: 0.124224 | CA25: -0.0045572538 | CB25: 0.06021124 | CC25: 0.085992033 | CD25: -0.0058084796 | CE25: -0.006041347 | CF25: 0.0024523244 | CG25: 0.089636252 | CH25: 0.070992733 | CI25: 0.027170643 | CJ25: 0.052468428 | CK25: 0.029480661 | CL25: 0.066825081 | CM25: -0.028772229 | CN25: 0.039462516 | CO25: -0.029031087 | CP25: 0.013983883 | CQ25: -0.032276965 | CR25: 0.0031035766 | CS25: 0.025591856 | CT25: 0.044391886 | CU25: -0.030338959 | CV25: -0.0012579765 | CW25: 0.0023363565 | CX25: -0.064264145 | CY25: 0.012909779 | CZ25: -0.12547709 | DA25: 0.011690683 | DB25: 0.0063378437 | DC25: -0.11730536 | DD25: -0.036010872 | DE25: 0.1389113 | DF25: -0.051143506 | DG25: 0.076731447 | DH25: 0.015508782 | DI25: 0.023223774 | DJ25: -0.018372876 | DK25: 0.062199014 | DL25: 0.020098304 | DM25: 0.01349894 | DN25: -0.030252213 | DO25: -0.017022836 | DP25: -0.021788523 | DQ25: 0.085745625 | DR25: 0.028106744 | DS25: -0.0023031598 | DT25: 0.058471198 | DU25: 0.067658949 | DV25: 0.0050207706 | DW25: 0.037416184 | DX25: 0.084111004 | DY25: -0.036832399 | DZ25: 0.0030917028 | EA25: -0.0019576282 | EB25: 0.026459104 | EC25: -0.024752539 | ED25: 0.034115491 | EE25: 0.021061974 | EF25: -0.020277393 | EG25: -0.10786811 | EH25: -0.022520352 | EI25: 0.053510007 | EJ25: 0.041687266 | EK25: 0.056195614 | EL25: 0.028911319 | EM25: =AVERAGE(C25:EL25) -> 0.0073901413 | EN25: =STDEV(C25:EL25) -> 0.043085791 | EO25: =EM25/EN25 -> 0.17152154

Sheet 預測IC
A1: Predict
B2: Time | C2: 2013/12 | D2: 2014/01 | E2: 2014/02 | F2: 2014/03 | G2: 2014/04 | H2: 2014/05 | I2: 2014/06 | J2: 2014/07 | K2: 2014/08 | L2: 2014/09 | M2: 2014/10 | N2: 2014/11 | O2: 2014/12 | P2: 2015/01 | Q2: 2015/02 | R2: 2015/03 | S2: 2015/04 | T2: 2015/05 | U2: 2015/06 | V2: 2015/07 | W2: 2015/08 | X2: 2015/09 | Y2: 2015/10 | Z2: 2015/11 | AA2: 2015/12 | AB2: 2016/01 | AC2: 2016/02 | AD2: 2016/03 | AE2: 2016/04 | AF2: 2016/05 | AG2: 2016/06 | AH2: 2016/07 | AI2: 2016/08 | AJ2: 2016/09 | AK2: 2016/10 | AL2: 2016/11 | AM2: 2016/12 | AN2: 2017/01 | AO2: 2017/02 | AP2: 2017/03 | AQ2: 2017/04 | AR2: 2017/05 | AS2: 2017/06 | AT2: 2017/07 | AU2: 2017/08 | AV2: 2017/09 | AW2: 2017/10 | AX2: 2017/11 | AY2: 2017/12 | AZ2: 2018/01 | BA2: 2018/02 | BB2: 2018/03 | BC2: 2018/04 | BD2: 2018/05 | BE2: 2018/06 | BF2: 2018/07 | BG2: 2018/08 | BH2: 2018/09 | BI2: 2018/10 | BJ2: 2018/11 | BK2: 2018/12 | BL2: 2019/01 | BM2: 2019/02 | BN2: 2019/03 | BO2: 2019/04 | BP2: 2019/05 | BQ2: 2019/06 | BR2: 2019/07 | BS2: 2019/08 | BT2: 2019/09 | BU2: 2019/10 | BV2: 2019/11 | BW2: 2019/12 | BX2: 2020/01 | BY2: 2020/02 | BZ2: 2020/03 | CA2: 2020/04 | CB2: 2020/05 | CC2: 2020/06 | CD2: 2020/07 | CE2: 2020/08 | CF2: 2020/09 | CG2: 2020/10 | CH2: 2020/11 | CI2: 2020/12 | CJ2: 2021/01 | CK2: 2021/02 | CL2: 2021/03 | CM2: 2021/04 | CN2: 2021/05 | CO2: 2021/06 | CP2: 2021/07 | CQ2: 2021/08 | CR2: 2021/09 | CS2: 2021/10 | CT2: 2021/11 | CU2: 2021/12 | CV2: 2022/01 | CW2: 2022/02 | CX2: 2022/03 | CY2: 2022/04 | CZ2: 2022/05 | DA2: 2022/06 | DB2: 2022/07 | DC2: 2022/08 | DD2: 2022/09 | DE2: 2022/10 | DF2: 2022/11 | DG2: 2022/12 | DH2: 2023/01 | DI2: 2023/02 | DJ2: 2023/03 | DK2: 2023/04 | DL2: 2023/05 | DM2: 2023/06 | DN2: 2023/07 | DO2: 2023/08 | DP2: 2023/09 | DQ2: 2023/10 | DR2: 2023/11 | DS2: 2023/12 | DT2: 2024/01 | DU2: 2024/02 | DV2: 2024/03 | DW2: 2024/04 | DX2: 2024/05 | DY2: 2024/06 | DZ2: 2024/07 | EA2: 2024/08 | EB2: 2024/09 | EC2: 2024/10 | ED2: 2024/11 | EE2: 2024/12 | EF2: 2025/01 | EG2: 2025/02 | EH2: 2025/03 | EI2: 2025/04 | EJ2: 2025/05 | EK2: 2025/06 | EL2: 2025/07 | EM2: 2025/08
B3: bm | C3: 0.014921768 | D3: 0.19374056 | E3: 0.036641285 | F3: 0.027200378 | G3: 0.04157251 | H3: -0.037682778 | I3: -0.14193848 | J3: 0.22945654 | K3: 0.043442237 | L3: 0.020280323 | M3: 0.058836121 | N3: -0.15172078 | O3: 0.32674605 | P3: 0.15440774 | Q3: -0.10779532 | R3: -0.073882179 | S3: 0.053466578 | T3: -0.055190803 | U3: -0.25838402 | V3: 0.018370553 | W3: 0.22943516 | X3: -0.17107395 | Y3: 0.22961919 | Z3: 0.016609176 | AA3: 0.42374789 | AB3: -0.21459678 | AC3: 0.044537468 | AD3: 0.1026364 | AE3: -0.0508277 | AF3: -0.089107468 | AG3: 0.12223872 | AH3: -0.11260452 | AI3: 0.13141393 | AJ3: 0.16749207 | AK3: 0.090663365 | AL3: 0.19313854 | AM3: 0.077111194 | AN3: 0.25612014 | AO3: 0.049003918 | AP3: 0.040886892 | AQ3: -0.11058243 | AR3: 0.022954756 | AS3: 0.048656704 | AT3: -0.054229837 | AU3: 0.08631682 | AV3: 0.039564967 | AW3: -0.19104491 | AX3: 0.09710944 | AY3: -0.019067526 | AZ3: -0.09116936 | BA3: 0.16595814 | BB3: -0.041157026 | BC3: 0.13020995 | BD3: 0.20026039 | BE3: -0.10617652 | BF3: 0.0039767283 | BG3: 0.33032254 | BH3: 0.31722693 | BI3: 0.015898229 | BJ3: 0.085118054 | BK3: 0.085442583 | BL3: 0.060053602 | BM3: 0.077486633 | BN3: 0.061035782 | BO3: -0.21386733 | BP3: 0.18539731 | BQ3: -0.054154026 | BR3: 0.28168982 | BS3: -0.023481657 | BT3: 0.089034675 | BU3: 0.12734099 | BV3: 0.019220334 | BW3: 0.06654711 | BX3: -0.10968389 | BY3: 0.13853337 | BZ3: -0.10485789 | CA3: -0.050171625 | CB3: -0.070239616 | CC3: -0.0060243315 | CD3: 0.15997201 | CE3: 0.21131662 | CF3: -0.10098227 | CG3: 0.10999023 | CH3: -0.014392635 | CI3: 0.22258294 | CJ3: -0.28268221 | CK3: -0.013478474 | CL3: -0.077844883 | CM3: 0.27379286 | CN3: -0.39000662 | CO3: -0.15858239 | CP3: -0.022486871 | CQ3: 0.15587954 | CR3: 0.081444486 | CS3: -0.074204537 | CT3: -0.09237128 | CU3: -0.04371403 | CV3: 0.029888249 | CW3: 0.089064661 | CX3: -0.024617034 | CY3: 0.070863408 | CZ3: 0.040860065 | DA3: 0.25668575 | DB3: -0.16423593 | DC3: -0.25891871 | DD3: -0.031636235 | DE3: 0.16039046 | DF3: -0.11251514 | DG3: -0.082270484 | DH3: -0.1046574 | DI3: 0.048360524 | DJ3: -0.057256595 | DK3: 0.044306651 | DL3: -0.01550485 | DM3: -0.11873725 | DN3: -0.022084537 | DO3: -0.093328814 | DP3: 0.16589996 | DQ3: 0.19277347 | DR3: -0.053222765 | DS3: 0.12855034 | DT3: -0.12713794 | DU3: -0.12167815 | DV3: -0.073321393 | DW3: 0.057692105 | DX3: 0.090231456 | DY3: -0.13571093 | DZ3: 0.20883876 | EA3: -0.10421373 | EB3: 0.19552286 | EC3: -0.083944739 | ED3: -0.041132651 | EE3: -0.11014068 | EF3: -0.037066133 | EG3: 0.080655585 | EH3: 0.17418837 | EI3: 0.10188061 | EJ3: -0.079899408 | EK3: -0.14702487 | EL3: -0.16515914 | EM3: -0.19545451
B4: size | C4: -0.14934537 | D4: -0.24734382 | E4: -0.25906124 | F4: -0.0055566834 | G4: 0.065085216 | H4: -0.029077598 | I4: 0.017791287 | J4: 0.042466158 | K4: -0.021006648 | L4: -0.044200315 | M4: -0.057877978 | N4: 0.00064362721 | O4: -0.18888099 | P4: -0.017141672 | Q4: 0.049706725 | R4: -0.099157666 | S4: -0.03041074 | T4: 0.11488319 | U4: 0.013221613 | V4: 0.048956471 | W4: 0.058935589 | X4: -0.16467437 | Y4: -0.18813682 | Z4: 0.06965691 | AA4: -0.015366071 | AB4: -0.06321985 | AC4: -0.078982008 | AD4: -0.030272547 | AE4: 0.024342451 | AF4: 0.13383876 | AG4: -0.0616011 | AH4: -0.092544716 | AI4: -0.026065576 | AJ4: 0.018359801 | AK4: 0.049856794 | AL4: -0.0060623931 | AM4: -0.159367 | AN4: -0.039146401 | AO4: -0.045070029 | AP4: 0.075288047 | AQ4: -0.098196076 | AR4: 0.086383001 | AS4: 0.068813106 | AT4: 0.046704564 | AU4: -0.042570548 | AV4: -0.22195205 | AW4: 0.082172494 | AX4: 0.016883597 | AY4: 0.12907395 | AZ4: 0.0015082503 | BA4: -0.11150448 | BB4: -0.21525994 | BC4: -0.057482345 | BD4: 0.0010836715 | BE4: 0.018778917 | BF4: 0.11348943 | BG4: -0.078526304 | BH4: -0.032954978 | BI4: -0.099003271 | BJ4: -0.14670769 | BK4: -0.049944347 | BL4: -0.022928883 | BM4: -0.045938779 | BN4: -0.0073256915 | BO4: 0.087168038 | BP4: 0.016127596 | BQ4: -0.067799319 | BR4: -0.0093122366 | BS4: -0.065299245 | BT4: -0.042502825 | BU4: 0.093104859 | BV4: 0.093350611 | BW4: -0.01348974 | BX4: -0.072291288 | BY4: -0.1549746 | BZ4: 0.17456977 | CA4: 0.037233529 | CB4: 0.05555731 | CC4: -0.17750462 | CD4: -0.11892673 | CE4: -0.013540234 | CF4: -0.12741232 | CG4: 0.07340686 | CH4: 0.072685158 | CI4: -0.054480085 | CJ4: 0.038731428 | CK4: 0.014180109 | CL4: -0.10899111 | CM4: -0.12331861 | CN4: 0.25398201 | CO4: 0.016527103 | CP4: 0.0015216844 | CQ4: -0.067959331 | CR4: -0.23495733 | CS4: -0.20790819 | CT4: -0.00014286611 | CU4: 0.022028282 | CV4: 0.068023845 | CW4: -0.088837318 | CX4: 0.052615859 | CY4: -0.1490697 | CZ4: -0.11103945 | DA4: -0.14434138 | DB4: 0.0027151748 | DC4: -0.097854823 | DD4: 0.10722226 | DE4: 0.047121439 | DF4: -0.019291063 | DG4: 0.0017896409 | DH4: 0.17350443 | DI4: -0.034040342 | DJ4: -0.099936135 | DK4: -0.13245231 | DL4: 0.093279908 | DM4: 0.17810124 | DN4: 0.13288395 | DO4: -0.12491951 | DP4: -0.094650071 | DQ4: -0.14995783 | DR4: 0.044038724 | DS4: 0.04591604 | DT4: -0.1600946 | DU4: 0.014044107 | DV4: 0.034743906 | DW4: 0.012575209 | DX4: -0.14539299 | DY4: 0.062173227 | DZ4: -0.052117915 | EA4: -0.25996993 | EB4: -0.11205949 | EC4: -0.071121648 | ED4: 0.0339891 | EE4: 0.212088 | EF4: 0.1754057 | EG4: -0.12656625 | EH4: -0.14481845 | EI4: -0.15568399 | EJ4: 0.20106067 | EK4: 0.24000764 | EL4: 0.19398234 | EM4: 0.10843316
B5: mom | C5: -0.35602255 | D5: -0.040090858 | E5: 0.52768591 | F5: 0.091621704 | G5: -0.33444542 | H5: 0.35557808 | I5: 0.11533693 | J5: -0.091390223 | K5: 0.37641591 | L5: -0.39095116 | M5: 0.1657012 | N5: -0.26143467 | O5: -0.061069486 | P5: 0.26091416 | Q5: 0.040937433 | R5: -0.13738348 | S5: 0.32196519 | T5: 0.15771856 | U5: -0.031493049 | V5: 0.20272926 | W5: -0.37900041 | X5: -0.1240504 | Y5: -0.60913639 | Z5: -0.087419029 | AA5: 0.024492819 | AB5: 0.078777301 | AC5: -0.11444914 | AD5: 0.2438413 | AE5: 0.082451057 | AF5: 0.18824066 | AG5: 0.094710949 | AH5: -0.30516586 | AI5: 0.15762472 | AJ5: -0.68021374 | AK5: 0.023239309 | AL5: -0.08758778 | AM5: 0.1083584 | AN5: 0.11169445 | AO5: 0.25326788 | AP5: 0.20792985 | AQ5: 0.26625785 | AR5: 0.093532219 | AS5: -0.14225322 | AT5: 0.1645902 | AU5: -0.29628044 | AV5: -0.079672837 | AW5: -0.021061638 | AX5: -0.16039195 | AY5: 0.029075612 | AZ5: 0.23443646 | BA5: -0.019543569 | BB5: 0.055326598 | BC5: -0.059611056 | BD5: -0.095611407 | BE5: 0.17767651 | BF5: -0.30632321 | BG5: -0.27950975 | BH5: -0.065627292 | BI5: 0.067576225 | BJ5: -0.37776638 | BK5: 0.17105761 | BL5: -0.15901657 | BM5: 0.29566312 | BN5: -0.0091185424 | BO5: -0.18708383 | BP5: -0.044541684 | BQ5: -0.26440415 | BR5: -0.17935638 | BS5: 0.093255604 | BT5: 0.2539102 | BU5: -0.2208865 | BV5: 0.11133754 | BW5: -0.02611015 | BX5: 0.078321918 | BY5: 0.036568448 | BZ5: -0.10165603 | CA5: 0.037823772 | CB5: -0.012533175 | CC5: -0.2883791 | CD5: 0.34067467 | CE5: -0.00060100561 | CF5: -0.12968637 | CG5: 0.15976747 | CH5: -0.23825236 | CI5: -0.028759771 | CJ5: -0.19238587 | CK5: 0.093012093 | CL5: 0.018732272 | CM5: -0.014405902 | CN5: -0.24513143 | CO5: 0.62382678 | CP5: 0.098069367 | CQ5: -0.34398024 | CR5: 0.2396559 | CS5: -0.16301461 | CT5: 0.20917057 | CU5: -0.13994756 | CV5: -0.14628801 | CW5: 0.31017321 | CX5: 0.25353916 | CY5: -0.79527742 | CZ5: 0.80355177 | DA5: -0.071187532 | DB5: 0.14203914 | DC5: 0.1768496 | DD5: -0.23476948 | DE5: -0.078915349 | DF5: -0.10893183 | DG5: -0.50647318 | DH5: 0.1775888 | DI5: 0.24345216 | DJ5: -0.63199691 | DK5: 0.76553813 | DL5: 0.11349876 | DM5: -0.45407241 | DN5: 0.53816463 | DO5: -0.26009015 | DP5: -0.068906335 | DQ5: -0.20285821 | DR5: 0.024517839 | DS5: -0.16671517 | DT5: 0.33878845 | DU5: -0.59979947 | DV5: 0.8351438 | DW5: -0.092557485 | DX5: -0.13301906 | DY5: 0.42357506 | DZ5: 0.30902986 | EA5: 0.18643695 | EB5: -0.89458161 | EC5: 0.046089797 | ED5: -0.19737598 | EE5: 0.32955547 | EF5: -0.12981612 | EG5: 0.41590936 | EH5: -0.17802462 | EI5: -0.30056729 | EJ5: 0.3783868 | EK5: -0.30609793 | EL5: 0.17941594 | EM5: -0.61002275
A6: 絕對值最大 | C6: {=MATCH(MAX(ABS(C3:C5)), ABS(C3:C5), 0)} -> 3 | D6: {=MATCH(MAX(ABS(D3:D5)), ABS(D3:D5), 0)} -> 2 | E6: {=MATCH(MAX(ABS(E3:E5)), ABS(E3:E5), 0)} -> 3 | F6: {=MATCH(MAX(ABS(F3:F5)), ABS(F3:F5), 0)} -> 3 | G6: {=MATCH(MAX(ABS(G3:G5)), ABS(G3:G5), 0)} -> 3 | H6: {=MATCH(MAX(ABS(H3:H5)), ABS(H3:H5), 0)} -> 3 | I6: {=MATCH(MAX(ABS(I3:I5)), ABS(I3:I5), 0)} -> 1 | J6: {=MATCH(MAX(ABS(J3:J5)), ABS(J3:J5), 0)} -> 1 | ... EM6: {=MATCH(MAX(ABS(EM3:EM5)), ABS(EM3:EM5), 0)} -> 3
C7: =IF(C6=1,"bm",IF(C6=2,"size",IF(C6=3,"mom"))) -> mom | D7: =IF(D6=1,"bm",IF(D6=2,"size",IF(D6=3,"mom"))) -> size | E7: =IF(E6=1,"bm",IF(E6=2,"size",IF(E6=3,"mom"))) -> mom | F7: =IF(F6=1,"bm",IF(F6=2,"size",IF(F6=3,"mom"))) -> mom | G7: =IF(G6=1,"bm",IF(G6=2,"size",IF(G6=3,"mom"))) -> mom | H7: =IF(H6=1,"bm",IF(H6=2,"size",IF(H6=3,"mom"))) -> mom | I7: =IF(I6=1,"bm",IF(I6=2,"size",IF(I6=3,"mom"))) -> bm | J7: =IF(J6=1,"bm",IF(J6=2,"size",IF(J6=3,"mom"))) -> bm | ... EM7: =IF(EM6=1,"bm",IF(EM6=2,"size",IF(EM6=3,"mom"))) -> mom
C8: =IF(C6=1,C3,IF(C6=2,C4,IF(C6=3,C5))) -> -0.35602255 | D8: =IF(D6=1,D3,IF(D6=2,D4,IF(D6=3,D5))) -> -0.24734382 | E8: =IF(E6=1,E3,IF(E6=2,E4,IF(E6=3,E5))) -> 0.52768591 | F8: =IF(F6=1,F3,IF(F6=2,F4,IF(F6=3,F5))) -> 0.091621704 | G8: =IF(G6=1,G3,IF(G6=2,G4,IF(G6=3,G5))) -> -0.33444542 | H8: =IF(H6=1,H3,IF(H6=2,H4,IF(H6=3,H5))) -> 0.35557808 | I8: =IF(I6=1,I3,IF(I6=2,I4,IF(I6=3,I5))) -> -0.14193848 | J8: =IF(J6=1,J3,IF(J6=2,J4,IF(J6=3,J5))) -> 0.22945654 | ... EM8: =IF(EM6=1,EM3,IF(EM6=2,EM4,IF(EM6=3,EM5))) -> -0.61002275
A10: 投資組合 | C10: 公司數 | D10: 1051
A11: 等分 | B11: 家數 | C11: 2013/12 | D11: 2014/01 | E11: 2014/02 | F11: 2014/03 | G11: 2014/04 | H11: 2014/05 | I11: 2014/06 | J11: 2014/07 | K11: 2014/08 | L11: 2014/09 | M11: 2014/10 | N11: 2014/11 | O11: 2014/12 | P11: 2015/01 | Q11: 2015/02 | R11: 2015/03 | S11: 2015/04 | T11: 2015/05 | U11: 2015/06 | V11: 2015/07 | W11: 2015/08 | X11: 2015/09 | Y11: 2015/10 | Z11: 2015/11 | AA11: 2015/12 | AB11: 2016/01 | AC11: 2016/02 | AD11: 2016/03 | AE11: 2016/04 | AF11: 2016/05 | AG11: 2016/06 | AH11: 2016/07 | AI11: 2016/08 | AJ11: 2016/09 | AK11: 2016/10 | AL11: 2016/11 | AM11: 2016/12 | AN11: 2017/01 | AO11: 2017/02 | AP11: 2017/03 | AQ11: 2017/04 | AR11: 2017/05 | AS11: 2017/06 | AT11: 2017/07 | AU11: 2017/08 | AV11: 2017/09 | AW11: 2017/10 | AX11: 2017/11 | AY11: 2017/12 | AZ11: 2018/01 | BA11: 2018/02 | BB11: 2018/03 | BC11: 2018/04 | BD11: 2018/05 | BE11: 2018/06 | BF11: 2018/07 | BG11: 2018/08 | BH11: 2018/09 | BI11: 2018/10 | BJ11: 2018/11 | BK11: 2018/12 | BL11: 2019/01 | BM11: 2019/02 | BN11: 2019/03 | BO11: 2019/04 | BP11: 2019/05 | BQ11: 2019/06 | BR11: 2019/07 | BS11: 2019/08 | BT11: 2019/09 | BU11: 2019/10 | BV11: 2019/11 | BW11: 2019/12 | BX11: 2020/01 | BY11: 2020/02 | BZ11: 2020/03 | CA11: 2020/04 | CB11: 2020/05 | CC11: 2020/06 | CD11: 2020/07 | CE11: 2020/08 | CF11: 2020/09 | CG11: 2020/10 | CH11: 2020/11 | CI11: 2020/12 | CJ11: 2021/01 | CK11: 2021/02 | CL11: 2021/03 | CM11: 2021/04 | CN11: 2021/05 | CO11: 2021/06 | CP11: 2021/07 | CQ11: 2021/08 | CR11: 2021/09 | CS11: 2021/10 | CT11: 2021/11 | CU11: 2021/12 | CV11: 2022/01 | CW11: 2022/02 | CX11: 2022/03 | CY11: 2022/04 | CZ11: 2022/05 | DA11: 2022/06 | DB11: 2022/07 | DC11: 2022/08 | DD11: 2022/09 | DE11: 2022/10 | DF11: 2022/11 | DG11: 2022/12 | DH11: 2023/01 | DI11: 2023/02 | DJ11: 2023/03 | DK11: 2023/04 | DL11: 2023/05 | DM11: 2023/06 | DN11: 2023/07 | DO11: 2023/08 | DP11: 2023/09 | DQ11: 2023/10 | DR11: 2023/11 | DS11: 2023/12 | DT11: 2024/01 | DU11: 2024/02 | DV11: 2024/03 | DW11: 2024/04 | DX11: 2024/05 | DY11: 2024/06 | DZ11: 2024/07 | EA11: 2024/08 | EB11: 2024/09 | EC11: 2024/10 | ED11: 2024/11 | EE11: 2024/12 | EF11: 2025/01 | EG11: 2025/02 | EH11: 2025/03 | EI11: 2025/04 | EJ11: 2025/05 | EK11: 2025/06 | EL11: 2025/07 | EM11: 平均值 | EN11: 標準差 | EO11: 夏普比率
A12: 10 | B12: =ROUND($D$10/A12,0) -> 105 | C12: 0.0066123726 | D12: 0.1028238 | E12: 0.0069361294 | F12: -0.025555902 | G12: -0.03277276 | H12: 0.0077110227 | I12: -0.046611964 | J12: 0.05668166 | K12: 0.0079784154 | L12: -0.0008497038 | M12: 0.034064795 | N12: 0.021689966 | O12: 0.029448988 | P12: 0.0044547075 | Q12: 0.022239238 | R12: -0.013159715 | S12: 0.040481856 | T12: 0.047307128 | U12: 0.010351974 | V12: 0.0025538531 | W12: 0.033108215 | X12: -0.046210241 | Y12: -0.036721623 | Z12: 0.049358807 | AA12: -0.032908238 | AB12: -0.031101794 | AC12: 0.050074105 | AD12: 0.012076823 | AE12: 0.044953944 | AF12: -0.050075684 | AG12: 0.037657153 | AH12: 0.00391186 | AI12: 0.0077407002 | AJ12: 0.0099384494 | AK12: 0.041114693 | AL12: 0.0096239899 | AM12: 0.013098318 | AN12: 0.059852191 | AO12: 0.028904676 | AP12: 0.014428946 | AQ12: -0.014732134 | AR12: 0.0070017903 | AS12: -0.029038603 | AT12: 0.071815369 | AU12: 0.017086376 | AV12: -0.026560411 | AW12: 0.005409593 | AX12: 0.055790314 | AY12: -0.0034325708 | AZ12: -0.01316417 | BA12: 0.0049042624 | BB12: 0.0010424709 | BC12: 0.0037833204 | BD12: 0.014847949 | BE12: -0.027620677 | BF12: 0.045781102 | BG12: 0.034757242 | BH12: 0.01662687 | BI12: 0.030132927 | BJ12: 0.018973353 | BK12: -0.012982592 | BL12: 0.027124146 | BM12: 0.0403016 | BN12: 0.011793423 | BO12: -0.024587825 | BP12: -0.012482493 | BQ12: 0.026141373 | BR12: -0.0058061681 | BS12: -0.02980301 | BT12: 0.0088135111 | BU12: -0.023707871 | BV12: -0.034554758 | BW12: -0.0099389272 | BX12: -0.0071965924 | BY12: -0.051109523 | BZ12: -0.0070500167 | CA12: 0.033013411 | CB12: 0.0085370486 | CC12: -0.019545734 | CD12: -0.052103538 | CE12: 0.014437539 | CF12: 0.011150585 | CG12: -0.049661346 | CH12: 0.015410459 | CI12: -0.030588249 | CJ12: -0.010480511 | CK12: 0.060243584 | CL12: 0.033333758 | CM12: -0.032046778 | CN12: 0.032484645 | CO12: -0.021696128 | CP12: -0.0085422086 | CQ12: 0.057210856 | CR12: -0.042506737 | CS12: 0.0057260433 | CT12: -0.0065087137 | CU12: 0.076750601 | CV12: -0.068454073 | CW12: 0.02594707 | CX12: -0.020872196 | CY12: -0.026011705 | CZ12: -0.018595612 | DA12: 0.016198001 | DB12: 0.016189169 | DC12: -0.030502687 | DD12: 0.059350422 | DE12: -0.019664544 | DF12: -0.011929745 | DG12: 0.040651814 | DH12: 0.032542249 | DI12: 0.019823714 | DJ12: -0.030361892 | DK12: 0.013104041 | DL12: 0.026113587 | DM12: -0.018296612 | DN12: -0.010013211 | DO12: 0.023375644 | DP12: 0.035915641 | DQ12: -0.061902356 | DR12: -0.021610692 | DS12: -0.049876474 | DT12: 0.026928947 | DU12: -0.036995824 | DV12: -0.0077033856 | DW12: -0.0031931753 | DX12: 0.037626045 | DY12: 0.02963767 | DZ12: 0.020580452 | EA12: 0.051998138 | EB12: 0.028071677 | EC12: -0.026194942 | ED12: -0.0086467299 | EE12: -0.020693034 | EF12: -0.021832482 | EG12: -0.029207236 | EH12: 0.019740261 | EI12: -0.0059080639 | EJ12: -0.011224982 | EK12: 0.012199994 | EL12: -0.016772717 | EM12: =AVERAGE(C12:EL12) -> 0.0045979896 | EN12: =STDEV(C12:EL12) -> 0.031459442 | EO12: =EM12/EN12 -> 0.14615611
A13: 20 | B13: =ROUND($D$10/A13,0) -> 53 | C13: -0.025000369 | D13: 0.083505282 | E13: 0.0027788573 | F13: -0.022957359 | G13: -0.016784224 | H13: 0.0083779434 | I13: -0.049436102 | J13: 0.059989716 | K13: 0.035937945 | L13: -0.0030337316 | M13: 0.014532356 | N13: 0.047869979 | O13: 0.034772854 | P13: 0.00067626332 | Q13: 0.032540535 | R13: -0.009126239 | S13: 0.067239971 | T13: 0.070405106 | U13: 0.050674585 | V13: 0.003432285 | W13: 0.017590601 | X13: -0.062214171 | Y13: -0.0086469071 | Z13: 0.059697424 | AA13: -0.027857005 | AB13: -0.045772413 | AC13: 0.053020261 | AD13: 0.0064663372 | AE13: 0.065918726 | AF13: -0.067638222 | AG13: 0.043719681 | AH13: 0.012373243 | AI13: 0.019590207 | AJ13: 0.015619655 | AK13: 0.063693125 | AL13: 0.005225137 | AM13: -0.0053863946 | AN13: 0.096939842 | AO13: 0.031449632 | AP13: 0.0093401491 | AQ13: -0.01593738 | AR13: 0.0030470741 | AS13: -0.034877568 | AT13: 0.094929152 | AU13: 0.030948434 | AV13: -0.031979164 | AW13: 0.0026876549 | AX13: 0.052100773 | AY13: 0.0071781548 | AZ13: -0.011343468 | BA13: 0.010876447 | BB13: 0.008633787 | BC13: 0.0061704013 | BD13: 0.014702756 | BE13: -0.036756945 | BF13: 0.10528099 | BG13: 0.040793749 | BH13: 0.016809209 | BI13: 0.044626637 | BJ13: 0.014379355 | BK13: -0.028196913 | BL13: 0.038941059 | BM13: 0.046612516 | BN13: 0.0043875471 | BO13: -0.041090335 | BP13: -0.0053202148 | BQ13: 0.0097590206 | BR13: -0.0059375524 | BS13: -0.034048716 | BT13: -0.0050253782 | BU13: -0.024516317 | BV13: -0.049478741 | BW13: 0.00056458347 | BX13: -0.015755334 | BY13: -0.0488462 | BZ13: -0.0024459567 | CA13: 0.026303578 | CB13: 0.027956561 | CC13: 0.0010716721 | CD13: 0.0031857545 | CE13: 0.015735214 | CF13: 0.029119202 | CG13: -0.049202653 | CH13: 0.0084016717 | CI13: -0.050093246 | CJ13: 0.0020905925 | CK13: 0.065517118 | CL13: 0.033705433 | CM13: -0.034989394 | CN13: 0.037478847 | CO13: -0.04387385 | CP13: 0.014540251 | CQ13: 0.056641732 | CR13: -0.060502724 | CS13: 0.0032310065 | CT13: -0.0085284682 | CU13: 0.11178805 | CV13: -0.076907356 | CW13: 0.033795594 | CX13: -0.030415925 | CY13: -0.056233686 | CZ13: -0.0064227328 | DA13: 0.01651797 | DB13: 0.037525835 | DC13: -0.025165393 | DD13: 0.071693272 | DE13: -0.014240115 | DF13: 0.027138096 | DG13: 0.064819453 | DH13: 0.037174905 | DI13: 0.015104794 | DJ13: -0.0014916158 | DK13: 0.0068528229 | DL13: 0.031928367 | DM13: 0.010172514 | DN13: -0.0045047643 | DO13: 0.041067717 | DP13: 0.053511488 | DQ13: -0.061220596 | DR13: -0.020233317 | DS13: -0.027399773 | DT13: 0.027375113 | DU13: -0.020814911 | DV13: -0.018081896 | DW13: -0.021192479 | DX13: 0.055875508 | DY13: -0.0020987138 | DZ13: 0.023436347 | EA13: 0.046460982 | EB13: 0.057080533 | EC13: -0.040940282 | ED13: -0.043355569 | EE13: -0.02881129 | EF13: -0.035981928 | EG13: -0.053261638 | EH13: 0.01120523 | EI13: -0.0065484713 | EJ13: 0.0063945045 | EK13: 0.013871918 | EL13: -0.054200362 | EM13: =AVERAGE(C13:EL13) -> 0.0075746727 | EN13: =STDEV(C13:EL13) -> 0.03852056 | EO13: =EM13/EN13 -> 0.19663973
A14: 50 | B14: =ROUND($D$10/A14,0) -> 21 | C14: -0.070147678 | D14: 0.1158128 | E14: -0.026685516 | F14: 0.019971884 | G14: -0.075085371 | H14: 0.0070556941 | I14: -0.082313591 | J14: 0.064091148 | K14: 0.001632154 | L14: -0.058513564 | M14: -0.0022751694 | N14: 0.067651274 | O14: 0.023559801 | P14: 0.0068327754 | Q14: 0.072386392 | R14: 0.028742686 | S14: 0.13958411 | T14: 0.043640637 | U14: 0.11068443 | V14: -0.0342315 | W14: 0.02687379 | X14: -0.10320331 | Y14: 0.00922625 | Z14: 0.10621223 | AA14: -0.044385135 | AB14: -0.069227714 | AC14: 0.019824369 | AD14: 0.013743969 | AE14: 0.10829638 | AF14: -0.076843366 | AG14: 0.028655986 | AH14: 0.050879396 | AI14: -0.027402986 | AJ14: 0.031700887 | AK14: 0.058451123 | AL14: 0.02594479 | AM14: 0.0036458821 | AN14: 0.10441557 | AO14: 0.032604668 | AP14: 0.042604399 | AQ14: -0.019665685 | AR14: 0.0073752568 | AS14: 0.013478002 | AT14: 0.13781441 | AU14: 0.077517191 | AV14: -0.033710826 | AW14: 0.027266581 | AX14: 0.040769984 | AY14: 0.045898948 | AZ14: -0.040288085 | BA14: 0.036761616 | BB14: 0.077736356 | BC14: 0.020523204 | BD14: 0.043508385 | BE14: -0.071812118 | BF14: 0.15729123 | BG14: 0.082329568 | BH14: 0.033284483 | BI14: 0.054726627 | BJ14: 0.0063282892 | BK14: -0.088843407 | BL14: 0.032503786 | BM14: 0.032921165 | BN14: 0.026584135 | BO14: -0.024215816 | BP14: 0.013303582 | BQ14: -0.023262836 | BR14: -0.043166545 | BS14: -0.029611615 | BT14: -0.037045271 | BU14: -0.020313888 | BV14: -0.081081006 | BW14: -0.0074926372 | BX14: -0.057360047 | BY14: -0.098203766 | BZ14: -0.049772174 | CA14: -0.015300814 | CB14: -0.0059068563 | CC14: -0.0094556516 | CD14: 0.046815349 | CE14: -0.029083893 | CF14: 0.050755773 | CG14: -0.065160968 | CH14: 0.070932617 | CI14: -0.11384421 | CJ14: 0.0066208015 | CK14: 0.053942692 | CL14: 0.064512373 | CM14: -0.036520585 | CN14: 0.045793102 | CO14: -0.071290727 | CP14: 0.066645441 | CQ14: 0.016983986 | CR14: -0.043319638 | CS14: 0.023427351 | CT14: 0.027177905 | CU14: 0.13049332 | CV14: -0.13473975 | CW14: 0.041207943 | CX14: -0.053559521 | CY14: -0.10967162 | CZ14: -0.039295529 | DA14: 0.0018339144 | DB14: 0.010904973 | DC14: -0.012420966 | DD14: 0.098734768 | DE14: -0.027444221 | DF14: 0.042417819 | DG14: 0.084633247 | DH14: 0.032676237 | DI14: -0.013854001 | DJ14: 0.0093362116 | DK14: -0.02315321 | DL14: 0.039872633 | DM14: 0.015879652 | DN14: 0.064680191 | DO14: 0.067491555 | DP14: 0.035084229 | DQ14: -0.032645533 | DR14: -0.053613769 | DS14: -0.068525308 | DT14: 0.015125285 | DU14: -0.087746691 | DV14: -0.032703112 | DW14: -0.0097196858 | DX14: 0.096137869 | DY14: 0.028956628 | DZ14: -0.011900096 | EA14: 0.062943118 | EB14: 0.084619817 | EC14: -0.017473935 | ED14: -0.050141322 | EE14: -0.045131716 | EF14: -0.059075573 | EG14: -0.12596481 | EH14: 0.011678053 | EI14: 0.050391893 | EJ14: 0.010053647 | EK14: 0.077789645 | EL14: -0.047771192 | EM14: =AVERAGE(C14:EL14) -> 0.0076900199 | EN14: =STDEV(C14:EL14) -> 0.058942155 | EO14: =EM14/EN14 -> 0.13046723
A15: 110 | B15: =ROUND($D$10/A15,0) -> 10 | C15: -0.095037536 | D15: 0.17378891 | E15: -0.036478295 | F15: 0.072424256 | G15: -0.0025357798 | H15: 0.016337406 | I15: -0.12829638 | J15: 0.13535866 | K15: 0.045856095 | L15: -0.10350812 | M15: 0.056295859 | N15: 0.089772317 | O15: 0.052525265 | P15: 0.046283434 | Q15: 0.11705754 | R15: 0.08567328 | S15: 0.18023614 | T15: 0.058198487 | U15: 0.13796306 | V15: -0.060599996 | W15: 0.015440978 | X15: -0.10443898 | Y15: -0.011216805 | Z15: 0.048366369 | AA15: -0.054579453 | AB15: -0.074371814 | AC15: -0.033883246 | AD15: -0.047007359 | AE15: 0.17602317 | AF15: -0.1324867 | AG15: 0.024048006 | AH15: 0.047090693 | AI15: -0.018572528 | AJ15: 0.052974427 | AK15: 0.057963941 | AL15: 0.054708467 | AM15: 0.004873346 | AN15: 0.11870397 | AO15: 0.043798347 | AP15: 0.056957256 | AQ15: 0.038102469 | AR15: 0.011318369 | AS15: 0.065028804 | AT15: 0.20783896 | AU15: 0.090932728 | AV15: -0.046574913 | AW15: -0.02456036 | AX15: 0.11407969 | AY15: 0.0076968983 | AZ15: -0.041479294 | BA15: 0.016457938 | BB15: 0.091035931 | BC15: 0.067540884 | BD15: 0.084156921 | BE15: -0.063332839 | BF15: 0.2271004 | BG15: 0.043080381 | BH15: 0.050564255 | BI15: 0.061863404 | BJ15: 0.046155035 | BK15: -0.10413755 | BL15: 0.075891716 | BM15: 0.054492832 | BN15: 0.04658117 | BO15: -0.031395373 | BP15: 0.024338429 | BQ15: -0.060311373 | BR15: -0.075056996 | BS15: -0.003978778 | BT15: -0.049227241 | BU15: -0.0072608821 | BV15: -0.063848423 | BW15: -0.029960433 | BX15: 0.0079095405 | BY15: -0.1170215 | BZ15: -0.08677276 | CA15: 0.0060851496 | CB15: -0.052611982 | CC15: -0.10782726 | CD15: 0.021804932 | CE15: -0.10501096 | CF15: 0.086444362 | CG15: -0.10390932 | CH15: 0.056825431 | CI15: -0.037144945 | CJ15: 0.043972104 | CK15: 0.14342183 | CL15: 0.095137818 | CM15: -0.026160741 | CN15: 0.085872133 | CO15: -0.19509607 | CP15: 0.078825085 | CQ15: 0.0064482894 | CR15: -0.10888528 | CS15: 0.024648671 | CT15: 0.03142651 | CU15: 0.16039605 | CV15: -0.15883628 | CW15: 0.031169211 | CX15: -0.085710343 | CY15: -0.06815769 | CZ15: 0.005457047 | DA15: -0.022818354 | DB15: 0.028237377 | DC15: -0.017598376 | DD15: 0.066996804 | DE15: -0.025121441 | DF15: 0.0095532795 | DG15: 0.098009312 | DH15: 0.0015211655 | DI15: -0.028468467 | DJ15: -0.062778969 | DK15: -0.020475094 | DL15: 0.045174394 | DM15: -0.052410072 | DN15: 0.11117453 | DO15: 0.042035732 | DP15: -0.012595779 | DQ15: -0.02599177 | DR15: -0.025698175 | DS15: -0.03035837 | DT15: 0.022455457 | DU15: -0.15570488 | DV15: -0.0088090091 | DW15: -0.016197703 | DX15: 0.038004406 | DY15: -0.079800196 | DZ15: -0.04075905 | EA15: 0.064740279 | EB15: 0.11336525 | EC15: -0.082959084 | ED15: -0.095580668 | EE15: -0.05609087 | EF15: -0.044912949 | EG15: -0.26144874 | EH15: 0.023350353 | EI15: -0.027098307 | EJ15: 0.010954069 | EK15: 0.1140997 | EL15: 0.041557681 | EM15: =AVERAGE(C15:EL15) -> 0.0082792281 | EN15: =STDEV(C15:EL15) -> 0.081273648 | EO15: =EM15/EN15 -> 0.10186854
A16: 120 | B16: =ROUND($D$10/A16,0) -> 9 | C16: -0.097168038 | D16: 0.18425851 | E16: 0.0012546398 | F16: 0.10154511 | G16: -0.088348382 | H16: 0.02586234 | I16: -0.13862835 | J16: 0.14986078 | K16: 0.035512415 | L16: -0.09250616 | M16: 0.053926092 | N16: 0.086790996 | O16: 0.074997993 | P16: 0.03944554 | Q16: 0.12441337 | R16: 0.067896755 | S16: 0.19622946 | T16: 0.094226726 | U16: 0.14366062 | V16: -0.075295882 | W16: 0.062744043 | X16: -0.10184027 | Y16: -0.016237216 | Z16: 0.048488529 | AA16: -0.046132933 | AB16: -0.083679344 | AC16: -0.025086622 | AD16: -0.011883534 | AE16: 0.19437017 | AF16: -0.14270118 | AG16: 0.030984763 | AH16: 0.058576971 | AI16: -0.025151214 | AJ16: 0.059042403 | AK16: 0.064421401 | AL16: 0.033707825 | AM16: -0.0018251438 | AN16: 0.13740291 | AO16: 0.063928703 | AP16: 0.077401149 | AQ16: 0.051655017 | AR16: 0.021953047 | AS16: 0.065720092 | AT16: 0.22132084 | AU16: 0.11483477 | AV16: -0.065058029 | AW16: 0.0004633117 | AX16: 0.1135956 | AY16: -0.0047113984 | AZ16: -0.018155398 | BA16: 0.012096986 | BB16: 0.11648751 | BC16: 0.065392331 | BD16: 0.090787391 | BE16: -0.055749585 | BF16: 0.13590411 | BG16: 0.056929802 | BH16: 0.032909755 | BI16: 0.071250388 | BJ16: 0.051164984 | BK16: -0.10254922 | BL16: 0.069396399 | BM16: 0.044461594 | BN16: 0.044841329 | BO16: -0.025701079 | BP16: 0.034920013 | BQ16: -0.061932158 | BR16: -0.060589298 | BS16: 0.0079012392 | BT16: -0.050159594 | BU16: 0.014820943 | BV16: -0.037578374 | BW16: -0.038747286 | BX16: -0.0080992436 | BY16: -0.13162601 | BZ16: -0.079934572 | CA16: 0.0221427 | CB16: -0.05946597 | CC16: -0.11825016 | CD16: 0.018545595 | CE16: -0.12088225 | CF16: 0.078306388 | CG16: -0.11597682 | CH16: 0.069117919 | CI16: -0.049089741 | CJ16: 0.05674318 | CK16: 0.1414699 | CL16: 0.11325697 | CM16: -0.02126389 | CN16: 0.061379875 | CO16: -0.2101556 | CP16: 0.080406143 | CQ16: 0.075659969 | CR16: -0.10958323 | CS16: 0.015413045 | CT16: 0.031864242 | CU16: 0.15928631 | CV16: -0.13244233 | CW16: 0.055800521 | CX16: -0.12601796 | CY16: -0.078936117 | CZ16: -0.026645968 | DA16: -0.034419493 | DB16: 0.035441786 | DC16: -0.015595176 | DD16: 0.081763272 | DE16: -0.026213745 | DF16: -0.011472806 | DG16: 0.088702762 | DH16: 0.0055732891 | DI16: -0.040146607 | DJ16: -0.059518456 | DK16: -0.0035621972 | DL16: 0.0096269309 | DM16: -0.050591063 | DN16: 0.10300049 | DO16: 0.05537644 | DP16: 0.017922889 | DQ16: -0.024838896 | DR16: -0.037831497 | DS16: -0.024374262 | DT16: 0.058933335 | DU16: -0.17791334 | DV16: -0.0035964057 | DW16: -0.028544869 | DX16: 0.044218675 | DY16: -0.089581678 | DZ16: -0.037997245 | EA16: 0.084234522 | EB16: 0.11109854 | EC16: -0.082284542 | ED16: -0.098269306 | EE16: -0.058529226 | EF16: -0.06024264 | EG16: -0.28106449 | EH16: 0.020533962 | EI16: -0.030299974 | EJ16: 0.026684429 | EK16: 0.11629888 | EL16: 0.02035781 | EM16: =AVERAGE(C16:EL16) -> 0.009830321 | EN16: =STDEV(C16:EL16) -> 0.085273296 | EO16: =EM16/EN16 -> 0.11528018
A17: 130 | B17: =ROUND($D$10/A17,0) -> 8 | C17: -0.10848542 | D17: 0.18133129 | E17: -0.014337605 | F17: 0.14304465 | G17: -0.088781682 | H17: 0.028696725 | I17: -0.15376841 | J17: 0.15964101 | K17: 0.046352047 | L17: -0.073232188 | M17: 0.055237105 | N17: 0.097477747 | O17: 0.062366129 | P17: 0.021983032 | Q17: 0.12826268 | R17: 0.070899544 | S17: 0.2459656 | T17: 0.093876727 | U17: 0.16140526 | V17: -0.071459288 | W17: 0.076581697 | X17: -0.1340913 | Y17: -0.0029926455 | Z17: 0.056824382 | AA17: -0.051129028 | AB17: -0.085885231 | AC17: -0.017804086 | AD17: -0.012237948 | AE17: 0.17483925 | AF17: -0.18161714 | AG17: 0.066435099 | AH17: 0.09376856 | AI17: -0.0011848961 | AJ17: 0.083847311 | AK17: 0.031812486 | AL17: 0.031841471 | AM17: 0.0011645325 | AN17: 0.11503171 | AO17: 0.029150084 | AP17: 0.10050585 | AQ17: 0.033097297 | AR17: 0.024600126 | AS17: 0.086099673 | AT17: 0.26750173 | AU17: 0.16451196 | AV17: -0.072187215 | AW17: -0.012527666 | AX17: 0.096011083 | AY17: -0.004833033 | AZ17: 0.019981923 | BA17: 0.0096964032 | BB17: 0.14193613 | BC17: 0.081917918 | BD17: 0.078172421 | BE17: -0.079146429 | BF17: 0.14947847 | BG17: 0.013494349 | BH17: 0.066040501 | BI17: 0.057207807 | BJ17: 0.077585786 | BK17: -0.09691622 | BL17: 0.043403096 | BM17: 0.023685773 | BN17: 0.056382052 | BO17: -0.01026863 | BP17: 0.035844841 | BQ17: -0.059524455 | BR17: -0.032468675 | BS17: 0.0092324974 | BT17: -0.027135982 | BU17: 0.048214505 | BV17: -0.065900934 | BW17: -0.078431879 | BX17: -0.0024304715 | BY17: -0.09546082 | BZ17: -0.087603173 | CA17: 0.019416681 | CB17: -0.056310444 | CC17: -0.18432007 | CD17: -0.0017128305 | CE17: -0.1582788 | CF17: 0.068976128 | CG17: -0.12327028 | CH17: 0.045776871 | CI17: -0.055913289 | CJ17: 0.081625099 | CK17: 0.14304347 | CL17: 0.10824632 | CM17: -0.030255388 | CN17: 0.071601734 | CO17: -0.2171951 | CP17: 0.099452861 | CQ17: 0.066152951 | CR17: -0.079114616 | CS17: 0.014748014 | CT17: 0.040155346 | CU17: 0.15469155 | CV17: -0.12279516 | CW17: 0.06956224 | CX17: -0.12566465 | CY17: -0.046190211 | CZ17: -0.02759569 | DA17: -0.048827629 | DB17: 0.021445069 | DC17: -0.025802332 | DD17: 0.096005186 | DE17: -0.025051652 | DF17: 0.0031415421 | DG17: 0.097393408 | DH17: 0.027266626 | DI17: -0.031911728 | DJ17: -0.066172824 | DK17: 0.0076338487 | DL17: 0.0033776522 | DM17: -0.088702296 | DN17: 0.14079284 | DO17: 0.07516469 | DP17: 0.031720124 | DQ17: -0.047643837 | DR17: -0.05372812 | DS17: -0.005767291 | DT17: 0.076728353 | DU17: -0.19564397 | DV17: 0.0022495642 | DW17: -0.039271865 | DX17: 0.056955272 | DY17: -0.092615745 | DZ17: -0.074262205 | EA17: 0.10515141 | EB17: 0.12095982 | EC17: -0.056703449 | ED17: -0.070037964 | EE17: -0.066437348 | EF17: -0.07172012 | EG17: -0.29206161 | EH17: 0.015751083 | EI17: -0.030154408 | EJ17: 0.029340073 | EK17: 0.13388964 | EL17: 0.019339647 | EM17: =AVERAGE(C17:EL17) -> 0.011837272 | EN17: =STDEV(C17:EL17) -> 0.092622825 | EO17: =EM17/EN17 -> 0.12780081
A18: 150 | B18: =ROUND($D$10/A18,0) -> 7 | C18: -0.052643586 | D18: 0.19928275 | E18: 0.013048588 | F18: 0.15798308 | G18: -0.075490668 | H18: 0.018918 | I18: -0.14821157 | J18: 0.19319963 | K18: 0.061555077 | L18: -0.060710996 | M18: 0.053938886 | N18: 0.093954261 | O18: 0.089528965 | P18: 0.010284008 | Q18: 0.15027012 | R18: 0.083649356 | S18: 0.28114322 | T18: 0.088495999 | U18: 0.15104459 | V18: -0.068181928 | W18: 0.089030265 | X18: -0.12683028 | Y18: 0.014124331 | Z18: 0.067105427 | AA18: -0.05180063 | AB18: -0.094821421 | AC18: -0.017944234 | AD18: -0.038346994 | AE18: 0.20233266 | AF18: -0.23353329 | AG18: 0.055242557 | AH18: 0.086917575 | AI18: 0.014126981 | AJ18: 0.076147851 | AK18: -0.002187481 | AL18: 0.026245819 | AM18: 0.0045321879 | AN18: 0.1272885 | AO18: 0.0130722 | AP18: 0.07559662 | AQ18: -0.0069686748 | AR18: 0.027509946 | AS18: 0.034980857 | AT18: 0.2975536 | AU18: 0.17314011 | AV18: -0.07876463 | AW18: -0.0096164542 | AX18: 0.13848386 | AY18: -0.0052270055 | AZ18: 0.026702414 | BA18: -0.017861028 | BB18: 0.1685758 | BC18: 0.082288825 | BD18: 0.051867072 | BE18: -0.07597797 | BF18: 0.14387298 | BG18: 0.01739298 | BH18: 0.019313319 | BI18: 0.050528764 | BJ18: 0.040631799 | BK18: -0.12718403 | BL18: 0.059180796 | BM18: 0.047064733 | BN18: 0.057391554 | BO18: -0.020516468 | BP18: 0.025169253 | BQ18: -0.044668065 | BR18: 0.00020105879 | BS18: 0.0087511588 | BT18: -0.029464169 | BU18: 0.0458666 | BV18: 0.0095384602 | BW18: -0.079818409 | BX18: -0.031008901 | BY18: -0.087918547 | BZ18: -0.10981457 | CA18: 0.023223984 | CB18: -0.054216328 | CC18: -0.21996525 | CD18: 0.0089782118 | CE18: -0.13393261 | CF18: 0.05887853 | CG18: -0.17068848 | CH18: 0.045072329 | CI18: -0.03025441 | CJ18: 0.098939506 | CK18: 0.14910622 | CL18: 0.11221187 | CM18: -0.014855627 | CN18: 0.083229965 | CO18: -0.21080213 | CP18: 0.11259507 | CQ18: 0.047890905 | CR18: -0.047814346 | CS18: 0.038558232 | CT18: 0.037501645 | CU18: 0.16723456 | CV18: -0.10583157 | CW18: 0.081713486 | CX18: -0.097539869 | CY18: -0.065170046 | CZ18: -0.064844857 | DA18: -0.053314124 | DB18: 0.021993506 | DC18: -0.016338911 | DD18: 0.063134171 | DE18: -0.03386629 | DF18: 0.036889486 | DG18: 0.08959738 | DH18: 0.028443062 | DI18: -0.037886955 | DJ18: -0.066022976 | DK18: 0.035340565 | DL18: 0.0036194321 | DM18: -0.08331038 | DN18: 0.15346599 | DO18: 0.04152947 | DP18: 0.017868132 | DQ18: -0.037166409 | DR18: -0.052098328 | DS18: 0.0030478002 | DT18: 0.095508567 | DU18: -0.16699398 | DV18: -0.016358092 | DW18: -0.033839096 | DX18: 0.078512284 | DY18: -0.12759763 | DZ18: -0.097056064 | EA18: 0.13955198 | EB18: 0.10907789 | EC18: -0.05186524 | ED18: -0.039747592 | EE18: -0.060382328 | EF18: -0.082038992 | EG18: -0.32935671 | EH18: 0.016992387 | EI18: -0.013792842 | EJ18: 0.027944036 | EK18: 0.14216878 | EL18: -0.0085219986 | EM18: =AVERAGE(C18:EL18) -> 0.01339216 | EN18: =STDEV(C18:EL18) -> 0.097652704 | EO18: =EM18/EN18 -> 0.1371407
A19: 180 | B19: =ROUND($D$10/A19,0) -> 6 | C19: -0.063862071 | D19: 0.20816772 | E19: 0.057019268 | F19: 0.13572993 | G19: -0.11281383 | H19: 0.036133644 | I19: -0.18313299 | J19: 0.2060553 | K19: 0.12836314 | L19: -0.045025445 | M19: 0.056587152 | N19: 0.095718639 | O19: 0.083834481 | P19: 0.032168551 | Q19: 0.15200691 | R19: 0.092763195 | S19: 0.32455081 | T19: 0.070706363 | U19: 0.12779099 | V19: -0.076793574 | W19: 0.11226309 | X19: -0.097247602 | Y19: -0.024975758 | Z19: 0.072871079 | AA19: -0.053348134 | AB19: -0.079004586 | AC19: -0.0094951403 | AD19: -0.002465067 | AE19: 0.23675418 | AF19: -0.24569995 | AG19: 0.048677234 | AH19: 0.08110263 | AI19: 0.031554436 | AJ19: 0.090605207 | AK19: 0.0075520425 | AL19: 0.024597504 | AM19: 0.028146403 | AN19: 0.11732234 | AO19: 0.023521152 | AP19: 0.10406328 | AQ19: -0.0018043551 | AR19: 0.02954509 | AS19: 0.057025232 | AT19: 0.33000222 | AU19: 0.21019997 | AV19: -0.090115408 | AW19: 0.0081342196 | AX19: 0.18062021 | AY19: -0.013812107 | AZ19: -0.071138166 | BA19: -0.029599195 | BB19: 0.18591535 | BC19: 0.082725621 | BD19: 0.011026301 | BE19: -0.081058889 | BF19: 0.13026631 | BG19: 0.023555433 | BH19: 0.041000429 | BI19: 0.05244379 | BJ19: 0.029441368 | BK19: -0.10953239 | BL19: 0.067122935 | BM19: 0.049110781 | BN19: 0.066626952 | BO19: -0.02101985 | BP19: 0.043032708 | BQ19: -0.073551566 | BR19: -0.0076937408 | BS19: 0.0089670616 | BT19: -0.022485274 | BU19: 0.062493294 | BV19: 0.04963926 | BW19: -0.082111103 | BX19: -0.037240914 | BY19: -0.094645219 | BZ19: -0.14474202 | CA19: 0.022382909 | CB19: -0.088054137 | CC19: -0.24176329 | CD19: -0.025243296 | CE19: -0.17925425 | CF19: -0.020789933 | CG19: -0.14129642 | CH19: 0.13034754 | CI19: -0.026363132 | CJ19: 0.094477768 | CK19: 0.15223797 | CL19: 0.14149225 | CM19: 0.034344857 | CN19: 0.076655302 | CO19: -0.22351542 | CP19: 0.11837555 | CQ19: 0.046129026 | CR19: -0.10312726 | CS19: 0.040969269 | CT19: -0.0076451676 | CU19: 0.17077279 | CV19: -0.13455717 | CW19: 0.067731066 | CX19: -0.10356552 | CY19: -0.072991215 | CZ19: -0.018011651 | DA19: -0.065145925 | DB19: 0.03118081 | DC19: 0.058594249 | DD19: 0.032007773 | DE19: 0.019611774 | DF19: -0.038359199 | DG19: 0.1156741 | DH19: -0.013768819 | DI19: -0.060907595 | DJ19: -0.040660305 | DK19: 0.040692421 | DL19: -0.0051896576 | DM19: -0.042875893 | DN19: 0.19574439 | DO19: 0.039010652 | DP19: 0.027711231 | DQ19: -0.050447793 | DR19: -0.050246246 | DS19: 0.016560304 | DT19: 0.073921319 | DU19: -0.19455634 | DV19: -0.0083955194 | DW19: -0.040067549 | DX19: 0.093094439 | DY19: -0.10759302 | DZ19: -0.15694337 | EA19: 0.16979568 | EB19: 0.1203181 | EC19: -0.035933992 | ED19: -0.033251181 | EE19: -0.059602846 | EF19: -0.072902632 | EG19: -0.4404415 | EH19: -0.012381004 | EI19: 0.006114652 | EJ19: 0.040877306 | EK19: 0.12370226 | EL19: 0.023768186 | EM19: =AVERAGE(C19:EL19) -> 0.014568247 | EN19: =STDEV(C19:EL19) -> 0.10933647 | EO19: =EM19/EN19 -> 0.13324234
A20: 200 | B20: =ROUND($D$10/A20,0) -> 5 | C20: -0.077247532 | D20: 0.22395276 | E20: 0.068320617 | F20: 0.16400116 | G20: -0.13326717 | H20: 0.017461873 | I20: -0.2142285 | J20: 0.22900575 | K20: 0.10900729 | L20: -0.063366714 | M20: 0.043807329 | N20: 0.14490004 | O20: 0.099488963 | P20: 0.052097244 | Q20: 0.16253833 | R20: 0.076644816 | S20: 0.27746771 | T20: 0.092488242 | U20: 0.10437352 | V20: -0.072880284 | W20: 0.16660849 | X20: -0.12542747 | Y20: -0.024575329 | Z20: 0.1169589 | AA20: -0.026830372 | AB20: -0.11522085 | AC20: 0.050356165 | AD20: -0.040734778 | AE20: 0.14193566 | AF20: -0.23868404 | AG20: 0.027659219 | AH20: 0.0536155 | AI20: 0.030638749 | AJ20: 0.13945098 | AK20: -0.013595115 | AL20: 0.063735541 | AM20: 0.028483107 | AN20: 0.12084147 | AO20: 0.033309502 | AP20: 0.14727206 | AQ20: 0.022718044 | AR20: -0.0020977922 | AS20: 0.073246356 | AT20: 0.20306259 | AU20: 0.20203901 | AV20: -0.09772368 | AW20: -0.00085612986 | AX20: 0.17901395 | AY20: -0.0073666499 | AZ20: -0.094730208 | BA20: -0.048327507 | BB20: 0.23487318 | BC20: 0.0395224 | BD20: 0.035610536 | BE20: -0.05420768 | BF20: 0.15957317 | BG20: -0.012799079 | BH20: 0.029345883 | BI20: 0.084860688 | BJ20: 0.029139871 | BK20: 0.0015347524 | BL20: 0.074609524 | BM20: 0.056480863 | BN20: 0.095426686 | BO20: -0.023612563 | BP20: 0.051306748 | BQ20: -0.093865646 | BR20: -0.0053891578 | BS20: 0.02436463 | BT20: -0.036055405 | BU20: 0.050555819 | BV20: 0.057447555 | BW20: -0.12168636 | BX20: -0.022257415 | BY20: -0.09275567 | BZ20: -0.18472509 | CA20: 0.017341988 | CB20: -0.048224519 | CC20: -0.26709573 | CD20: 0.021518146 | CE20: -0.20293369 | CF20: -0.01186602 | CG20: -0.13171375 | CH20: 0.13470828 | CI20: 0.0041774733 | CJ20: 0.14212645 | CK20: 0.11339293 | CL20: 0.14406367 | CM20: 0.029319595 | CN20: 0.078693196 | CO20: -0.28663326 | CP20: 0.16451166 | CQ20: 0.045176644 | CR20: -0.11594261 | CS20: 0.058574013 | CT20: -0.034364019 | CU20: 0.16194417 | CV20: -0.15168961 | CW20: 0.053587192 | CX20: -0.091172231 | CY20: -0.090125293 | CZ20: -0.0080005485 | DA20: -0.055778351 | DB20: 0.012910444 | DC20: 0.034561131 | DD20: 0.034565162 | DE20: -0.043426186 | DF20: -0.033372508 | DG20: 0.14042925 | DH20: -0.015520483 | DI20: -0.027494541 | DJ20: -0.015727649 | DK20: 0.0027288254 | DL20: 0.0054649496 | DM20: -0.073288816 | DN20: 0.22684224 | DO20: -0.01785512 | DP20: 0.036573079 | DQ20: -0.041618122 | DR20: -0.058604563 | DS20: 0.038235208 | DT20: 0.068042387 | DU20: -0.24265585 | DV20: -0.041788597 | DW20: -0.049423472 | DX20: 0.13335426 | DY20: -0.19059859 | DZ20: -0.1932028 | EA20: 0.19947335 | EB20: 0.13359364 | EC20: -0.051561124 | ED20: -0.0082967309 | EE20: -0.028226265 | EF20: -0.084458715 | EG20: -0.45349068 | EH20: -0.008768441 | EI20: -0.051742312 | EJ20: 0.027709075 | EK20: 0.14654902 | EL20: 0.044597853 | EM20: =AVERAGE(C20:EL20) -> 0.013391022 | EN20: =STDEV(C20:EL20) -> 0.1163279 | EO20: =EM20/EN20 -> 0.11511445
A21: 256 | B21: =ROUND($D$10/A21,0) -> 4 | C21: 0.011902073 | D21: 0.18724832 | E21: -0.0096158538 | F21: 0.18403858 | G21: -0.062455603 | H21: -0.052945066 | I21: -0.21735428 | J21: 0.2850354 | K21: 0.056385823 | L21: -0.073002634 | M21: -0.029350118 | N21: 0.14420289 | O21: 0.10170466 | P21: 0.088165606 | Q21: 0.17440788 | R21: 0.10422615 | S21: 0.2546828 | T21: 0.11571896 | U21: 0.11273149 | V21: -0.028497686 | W21: 0.16305588 | X21: -0.13383004 | Y21: -0.013138882 | Z21: 0.13186386 | AA21: 0.0085333966 | AB21: -0.11670997 | AC21: 0.061997929 | AD21: -0.073114425 | AE21: 0.15043393 | AF21: -0.2427615 | AG21: 0.044302778 | AH21: 0.025908006 | AI21: -0.022718914 | AJ21: 0.22703139 | AK21: -0.030643434 | AL21: 0.065379823 | AM21: -0.0078331086 | AN21: 0.10643114 | AO21: 0.18036049 | AP21: 0.18453517 | AQ21: 0.046577566 | AR21: -0.038219096 | AS21: 0.11741732 | AT21: 0.21118407 | AU21: 0.26089729 | AV21: -0.089659121 | AW21: 0.024903098 | AX21: 0.15731136 | AY21: -0.015847564 | AZ21: -0.16404773 | BA21: -0.048067558 | BB21: 0.27638756 | BC21: 0.059896201 | BD21: -0.012829662 | BE21: -0.13674536 | BF21: 0.19911722 | BG21: 0.013244311 | BH21: -0.0480537 | BI21: 0.046273769 | BJ21: 0.0023095902 | BK21: 0.0047851688 | BL21: 0.094508283 | BM21: 0.040795286 | BN21: 0.12382894 | BO21: 0.10661704 | BP21: 0.08255212 | BQ21: -0.071046843 | BR21: 0.015383031 | BS21: 0.029758593 | BT21: -0.011764083 | BU21: 0.17779226 | BV21: 0.082098962 | BW21: -0.1447137 | BX21: -0.048237904 | BY21: -0.076881614 | BZ21: -0.25140178 | CA21: 0.064338154 | CB21: -0.026388383 | CC21: -0.17931875 | CD21: -0.05473507 | CE21: -0.34015037 | CF21: 0.016372111 | CG21: -0.1528728 | CH21: 0.12696362 | CI21: 0.0030038033 | CJ21: 0.23904771 | CK21: 0.23663133 | CL21: 0.085330885 | CM21: 0.0087517274 | CN21: 0.10649522 | CO21: -0.29725994 | CP21: 0.12221035 | CQ21: 0.04707242 | CR21: -0.11970854 | CS21: 0.030346331 | CT21: -0.051451001 | CU21: 0.17793682 | CV21: -0.20039656 | CW21: 0.043841589 | CX21: -0.037793903 | CY21: -0.11065031 | CZ21: 0.0088873592 | DA21: -0.0091908159 | DB21: 0.033685093 | DC21: 0.05244865 | DD21: 0.033671196 | DE21: -0.053096691 | DF21: -0.062202613 | DG21: 0.12823062 | DH21: -0.0034712119 | DI21: -0.053926295 | DJ21: 0.035598969 | DK21: 0.021545303 | DL21: 0.021920189 | DM21: -0.1162525 | DN21: 0.32191568 | DO21: 0.01406641 | DP21: -0.037646763 | DQ21: -0.10920828 | DR21: -0.01851543 | DS21: -0.10682538 | DT21: -0.007893933 | DU21: -0.32089058 | DV21: -0.052149153 | DW21: -0.12019766 | DX21: 0.099724611 | DY21: -0.12017983 | DZ21: -0.2097646 | EA21: 0.14828604 | EB21: 0.089072393 | EC21: -0.054546207 | ED21: 0.15793452 | EE21: -0.012417166 | EF21: -0.08441724 | EG21: -0.57002337 | EH21: -0.02642667 | EI21: -0.15297279 | EJ21: 0.023148967 | EK21: 0.154587 | EL21: 0.044194553 | EM21: =AVERAGE(C21:EL21) -> 0.01354825 | EN21: =STDEV(C21:EL21) -> 0.13477322 | EO21: =EM21/EN21 -> 0.10052628
A22: 400 | B22: =ROUND($D$10/A22,0) -> 3 | C22: 0.010830893 | D22: 0.036573722 | E22: -0.022230412 | F22: 0.067831061 | G22: -0.10388436 | H22: -0.22980554 | I22: -0.21695806 | J22: 0.37609347 | K22: 0.10066115 | L22: -0.12894877 | M22: -0.016096387 | N22: 0.13760496 | O22: 0.14348035 | P22: 0.088222306 | Q22: 0.27677689 | R22: 0.1863874 | S22: 0.072840827 | T22: 0.13585715 | U22: 0.089351554 | V22: 0.061265227 | W22: 0.15624265 | X22: -0.13022386 | Y22: -0.093219143 | Z22: 0.12648804 | AA22: -0.017888872 | AB22: -0.11750158 | AC22: 0.061227954 | AD22: -0.057995871 | AE22: 0.13325425 | AF22: -0.27237225 | AG22: 0.05284154 | AH22: -0.27180153 | AI22: 0.020499608 | AJ22: 0.0085451172 | AK22: 0.10128856 | AL22: 0.040340967 | AM22: 0.02097556 | AN22: 0.1772072 | AO22: 0.23610215 | AP22: 0.2288313 | AQ22: 0.17906239 | AR22: -0.12476361 | AS22: 0.022170482 | AT22: 0.11360434 | AU22: 0.26832387 | AV22: -0.12776278 | AW22: 0.017403385 | AX22: -0.047737841 | AY22: -0.015907347 | AZ22: -0.20190116 | BA22: -0.077254544 | BB22: 0.36382184 | BC22: -0.11554173 | BD22: 0.056393618 | BE22: -0.12806788 | BF22: 0.19910245 | BG22: 0.046279512 | BH22: -0.12796054 | BI22: 0.082345467 | BJ22: 0.070714565 | BK22: -0.0041524494 | BL22: 0.11765695 | BM22: 0.0024304832 | BN22: 0.097900329 | BO22: 0.092277714 | BP22: 0.080067784 | BQ22: -0.054742686 | BR22: 0.02082702 | BS22: -0.044078423 | BT22: 0.075653419 | BU22: 0.13235234 | BV22: 0.047266465 | BW22: -0.16432372 | BX22: -0.071978018 | BY22: -0.050267437 | BZ22: -0.27962934 | CA22: 0.046015862 | CB22: -0.11246692 | CC22: -0.27544482 | CD22: 0.11576933 | CE22: -0.45437992 | CF22: 0.030126655 | CG22: -0.32392308 | CH22: 0.095389298 | CI22: 0.015860418 | CJ22: 0.20866929 | CK22: 0.17643921 | CL22: 0.11491158 | CM22: -0.03547116 | CN22: -0.030780583 | CO22: -0.40281884 | CP22: 0.2185293 | CQ22: 0.092165908 | CR22: -0.10633107 | CS22: 0.031092056 | CT22: -0.0050872554 | CU22: 0.19271417 | CV22: -0.23628081 | CW22: -0.010226546 | CX22: -0.053668438 | CY22: -0.13548943 | CZ22: -0.0021955488 | DA22: 0.011912848 | DB22: 0.018908187 | DC22: 0.02408346 | DD22: 0.13835465 | DE22: 0.035633519 | DF22: -0.03402696 | DG22: 0.18483719 | DH22: -0.0055811676 | DI22: 0.0016834373 | DJ22: 0.0027864998 | DK22: -0.0092543489 | DL22: 0.033109115 | DM22: -0.019996292 | DN22: 0.30049578 | DO22: -0.061460673 | DP22: -0.0027447439 | DQ22: -0.21106094 | DR22: 0.057297033 | DS22: -0.13891982 | DT22: 0.038469138 | DU22: -0.39947642 | DV22: -0.091775839 | DW22: 0.02487769 | DX22: 0.17726337 | DY22: -0.14163426 | DZ22: -0.17790369 | EA22: -0.016671555 | EB22: 0.20437536 | EC22: -0.045053778 | ED22: 0.18368199 | EE22: 0.04179726 | EF22: -0.034354893 | EG22: -0.73770719 | EH22: -0.012167208 | EI22: -0.099205856 | EJ22: 0.083601729 | EK22: 0.24984677 | EL22: -0.025307224 | EM22: =AVERAGE(C22:EL22) -> 0.0044293639 | EN22: =STDEV(C22:EL22) -> 0.15959455 | EO22: =EM22/EN22 -> 0.027753854
A23: 512 | B23: =ROUND($D$10/A23,0) -> 2 | C23: 0.031325685 | D23: 0.025572739 | E23: -0.015061588 | F23: 0.18239608 | G23: 0.026971569 | H23: -0.26281024 | I23: -0.14815203 | J23: 0.11203535 | K23: 0.14148272 | L23: -0.23244436 | M23: -0.066725324 | N23: 0.10383172 | O23: 0.20456438 | P23: 0.11733547 | Q23: -0.059568017 | R23: 0.075413382 | S23: 0.084011483 | T23: 0.039614189 | U23: 0.096352818 | V23: 0.16529277 | W23: 0.1365349 | X23: -0.13707141 | Y23: -0.20414745 | Z23: 0.1121473 | AA23: -0.054903276 | AB23: -0.15024155 | AC23: 0.17266815 | AD23: -0.017187804 | AE23: 0.15243654 | AF23: -0.19177289 | AG23: 0.091873658 | AH23: -0.42311475 | AI23: 0.030243744 | AJ23: 0.0080980386 | AK23: 0.1141111 | AL23: 0.13143171 | AM23: -0.0073818797 | AN23: 0.2423147 | AO23: 0.24640716 | AP23: -0.17902889 | AQ23: 0.18719278 | AR23: -0.24679312 | AS23: 0.062783844 | AT23: 0.1095059 | AU23: 0.25080887 | AV23: -0.09675725 | AW23: 0.05202691 | AX23: -0.014812779 | AY23: 0.25265988 | AZ23: -0.29181699 | BA23: 0.0096467801 | BB23: 0.56682653 | BC23: -0.30082825 | BD23: 0.094830881 | BE23: -0.12429214 | BF23: 0.21000911 | BG23: 0.074761471 | BH23: -0.20348398 | BI23: 0.12120552 | BJ23: 0.071437909 | BK23: 0.0011064207 | BL23: 0.11436629 | BM23: -0.069495462 | BN23: 0.0047083687 | BO23: 0.19280643 | BP23: 0.14328954 | BQ23: 0.020891917 | BR23: 0.024393962 | BS23: 0.00049110058 | BT23: 0.34235361 | BU23: 0.13926439 | BV23: 0.053269051 | BW23: -0.21512994 | BX23: 0.079802591 | BY23: -0.083991021 | BZ23: -0.35239787 | CA23: 0.11584797 | CB23: -0.057868841 | CC23: -0.44318287 | CD23: 0.11186357 | CE23: -0.56006958 | CF23: 0.14276755 | CG23: -0.39327675 | CH23: 0.13084753 | CI23: -0.0056784922 | CJ23: 0.24860911 | CK23: 0.31480429 | CL23: 0.34628583 | CM23: -0.05157233 | CN23: -0.002602429 | CO23: -0.43691302 | CP23: 0.21780804 | CQ23: 0.11133205 | CR23: -0.01817266 | CS23: 0.095512641 | CT23: 0.17478046 | CU23: 0.24014428 | CV23: -0.3097785 | CW23: -0.019053529 | CX23: -0.087839863 | CY23: -0.17213841 | CZ23: 0.046312789 | DA23: -0.0071252332 | DB23: -0.0010776013 | DC23: -0.11415247 | DD23: 0.092798675 | DE23: -0.009395226 | DF23: -0.061942127 | DG23: 0.24857362 | DH23: -0.037295905 | DI23: 0.029161842 | DJ23: 0.0095273942 | DK23: -0.042686116 | DL23: 0.054101277 | DM23: 0.013453276 | DN23: 0.44419279 | DO23: -0.049077327 | DP23: 0.071628474 | DQ23: -0.28304274 | DR23: 0.060496157 | DS23: -0.1709486 | DT23: 0.083862877 | DU23: -0.53392169 | DV23: 0.021369646 | DW23: 0.27857637 | DX23: 0.3194491 | DY23: -0.26822193 | DZ23: -0.064458049 | EA23: -0.02875878 | EB23: 0.33153538 | EC23: -0.016845937 | ED23: 0.19432328 | EE23: 0.069545558 | EF23: -0.090054994 | EG23: -0.030354357 | EH23: 0.099209372 | EI23: -0.10969374 | EJ23: 0.082764084 | EK23: 0.31873884 | EL23: -0.049726084 | EM23: =AVERAGE(C23:EL23) -> 0.017634251 | EN23: =STDEV(C23:EL23) -> 0.18797995 | EO23: =EM23/EN23 -> 0.093809208
A24: 1051 | B24: =ROUND($D$10/A24,0) -> 1 | C24: 0.027766967 | D24: 0.10060991 | E24: 0.081880335 | F24: 0.20154572 | G24: 0.022622389 | H24: -0.35082219 | I24: 0.0021119332 | J24: -0.054302156 | K24: 0.050444336 | L24: -0.33375944 | M24: -0.14681934 | N24: 0.10519171 | O24: 0.23530919 | P24: 0.077736486 | Q24: -0.060964962 | R24: 0.10836549 | S24: 0.1008088 | T24: -0.077938396 | U24: 0.020341735 | V24: 0.11654032 | W24: 0.64293353 | X24: -0.11802243 | Y24: -0.49353999 | Z24: 0.079423704 | AA24: 0.013547768 | AB24: -0.19533962 | AC24: 0.47418328 | AD24: -0.46807019 | AE24: 0.11173128 | AF24: -0.074833925 | AG24: 0.13313425 | AH24: -0.50010941 | AI24: 0.21453722 | AJ24: -0.018825642 | AK24: 0.084883953 | AL24: -0.054676935 | AM24: 0.078598498 | AN24: 0.22118947 | AO24: 0.1029057 | AP24: -0.41640853 | AQ24: 0.29800338 | AR24: -0.22832049 | AS24: 0.059514128 | AT24: 0.15076898 | AU24: 0.22984102 | AV24: -0.019522214 | AW24: -0.0049875415 | AX24: 0.11149134 | AY24: 0.44347344 | AZ24: -0.60989956 | BA24: -0.053794732 | BB24: 0.69077653 | BC24: -0.80321601 | BD24: 0.18559522 | BE24: 0.057380538 | BF24: -0.064370421 | BG24: 0.026835966 | BH24: -0.38625534 | BI24: 0.16926892 | BJ24: -0.065154095 | BK24: 0.027238209 | BL24: 0.10610692 | BM24: 0.08478294 | BN24: 0.0068493418 | BO24: 0.16110969 | BP24: 0.12335118 | BQ24: 0.013857466 | BR24: 0.042356223 | BS24: 0.14032011 | BT24: 0.29946444 | BU24: 0.15755188 | BV24: 0.046258706 | BW24: -0.2082153 | BX24: 0.067434721 | BY24: -0.29033687 | BZ24: -0.81395803 | CA24: 0.10875309 | CB24: -0.057477119 | CC24: 0.21983119 | CD24: 0.24348206 | CE24: -0.073675902 | CF24: 0.40283909 | CG24: -0.64058463 | CH24: 0.0085772971 | CI24: -0.12117759 | CJ24: 0.40875838 | CK24: -0.008787376 | CL24: 0.40508141 | CM24: -0.23495954 | CN24: 0.090548657 | CO24: -0.71572901 | CP24: 0.26545894 | CQ24: 0.1309272 | CR24: -0.037598107 | CS24: 0.12151031 | CT24: 0.18289659 | CU24: 0.052729045 | CV24: -0.26202484 | CW24: -0.29572306 | CX24: -0.1780712 | CY24: -0.36022805 | CZ24: 0.31116734 | DA24: 0.024511204 | DB24: -0.19959877 | DC24: -0.1944536 | DD24: -0.19584472 | DE24: -0.17606276 | DF24: 0.10466498 | DG24: 0.18911026 | DH24: -0.17742465 | DI24: -0.36477512 | DJ24: 0.24842466 | DK24: 0.028040367 | DL24: 0.047769086 | DM24: -0.081409544 | DN24: 0.66708868 | DO24: -0.040894289 | DP24: -0.12610976 | DQ24: -0.3470111 | DR24: 0.046637311 | DS24: -0.42342018 | DT24: 0.0056640306 | DU24: -0.75093836 | DV24: -0.22962496 | DW24: 0.38336324 | DX24: 0.28592948 | DY24: -0.032066536 | DZ24: -0.048904664 | EA24: -0.054920184 | EB24: 0.68520167 | EC24: -0.013684175 | ED24: 0.084540093 | EE24: -0.035663983 | EF24: -0.13408708 | EG24: 0.070451324 | EH24: 0.20538558 | EI24: -0.13529464 | EJ24: 0.16991348 | EK24: -0.19792572 | EL24: -0.25659149 | EM24: =AVERAGE(C24:EL24) -> -0.0057712512 | EN24: =STDEV(C24:EL24) -> 0.27140164 | EO24: =EM24/EN24 -> -0.021264614
A25: 大盤 | B25: TWII | C25: -0.017446771 | D25: 0.020701061 | E25: 0.023982129 | F25: -0.006557579 | G25: 0.03184513 | H25: 0.034348533 | I25: -0.0082549328 | J25: 0.012843524 | K25: -0.051018525 | L25: 0.00087394274 | M25: 0.023389576 | N25: 0.012988972 | O25: 0.0058545887 | P25: 0.027413207 | Q25: -0.0037129361 | R25: 0.024076614 | S25: -0.012190025 | T25: -0.039749578 | U25: -0.07315545 | V25: -0.05826023 | W25: 0.00077279757 | X25: 0.044591521 | Y25: -0.02769968 | Z25: 0.0020950059 | AA25: -0.023400551 | AB25: 0.032129371 | AC25: 0.038903273 | AD25: -0.042865382 | AE25: 0.018647195 | AF25: 0.015229768 | AG25: 0.036016604 | AH25: 0.0093546114 | AI25: 0.010748251 | AJ25: 0.013357754 | AK25: -0.0053327473 | AL25: 0.0013831358 | AM25: 0.020795928 | AN25: 0.031517702 | AO25: 0.0062417165 | AP25: 0.0061452617 | AQ25: 0.016946358 | AR25: 0.03468283 | AS25: 0.0030985886 | AT25: 0.015081347 | AU25: -0.019251209 | AV25: 0.038711513 | AW25: -0.021856951 | AX25: 0.0077743007 | AY25: 0.042397247 | AZ25: -0.026308975 | BA25: 0.0095717493 | BB25: -0.024249741 | BC25: 0.020163374 | BD25: -0.0035049988 | BE25: 0.020151935 | BF25: 0.00058133623 | BG25: -0.005219701 | BH25: -0.11587176 | BI25: 0.0087252257 | BJ25: -0.016377261 | BK25: 0.020840372 | BL25: 0.044975872 | BM25: 0.023954306 | BN25: 0.030239101 | BO25: -0.043725888 | BP25: 0.02188947 | BQ25: 0.0086274303 | BR25: -0.019192954 | BS25: 0.01973513 | BT25: 0.047694337 | BU25: 0.011454817 | BV25: 0.043228621 | BW25: -0.04274743 | BX25: -0.017811292 | BY25: -0.1511531 | BZ25: 0.124224 | CA25: -0.0045572538 | CB25: 0.06021124 | CC25: 0.085992033 | CD25: -0.0058084796 | CE25: -0.006041347 | CF25: 0.0024523244 | CG25: 0.089636252 | CH25: 0.070992733 | CI25: 0.027170643 | CJ25: 0.052468428 | CK25: 0.029480661 | CL25: 0.066825081 | CM25: -0.028772229 | CN25: 0.039462516 | CO25: -0.029031087 | CP25: 0.013983883 | CQ25: -0.032276965 | CR25: 0.0031035766 | CS25: 0.025591856 | CT25: 0.044391886 | CU25: -0.030338959 | CV25: -0.0012579765 | CW25: 0.0023363565 | CX25: -0.064264145 | CY25: 0.012909779 | CZ25: -0.12547709 | DA25: 0.011690683 | DB25: 0.0063378437 | DC25: -0.11730536 | DD25: -0.036010872 | DE25: 0.1389113 | DF25: -0.051143506 | DG25: 0.076731447 | DH25: 0.015508782 | DI25: 0.023223774 | DJ25: -0.018372876 | DK25: 0.062199014 | DL25: 0.020098304 | DM25: 0.01349894 | DN25: -0.030252213 | DO25: -0.017022836 | DP25: -0.021788523 | DQ25: 0.085745625 | DR25: 0.028106744 | DS25: -0.0023031598 | DT25: 0.058471198 | DU25: 0.067658949 | DV25: 0.0050207706 | DW25: 0.037416184 | DX25: 0.084111004 | DY25: -0.036832399 | DZ25: 0.0030917028 | EA25: -0.0019576282 | EB25: 0.026459104 | EC25: -0.024752539 | ED25: 0.034115491 | EE25: 0.021061974 | EF25: -0.020277393 | EG25: -0.10786811 | EH25: -0.022520352 | EI25: 0.053510007 | EJ25: 0.041687266 | EK25: 0.056195614 | EL25: 0.028911319 | EM25: =AVERAGE(C25:EL25) -> 0.0073901413 | EN25: =STDEV(C25:EL25) -> 0.043085791 | EO25: =EM25/EN25 -> 0.17152154
B27: 低 | C27: 3043 | D27: 5455 | E27: 6130 | F27: 6130 | G27: 6130 | H27: 6130 | I27: 6114 | J27: 6114 | K27: 5324 | L27: 5324 | M27: 5324 | N27: 5324 | O27: 5455 | P27: 2388 | Q27: 5455 | R27: 5324 | S27: 3176 | T27: 3176 | U27: 8044 | V27: 2388 | W27: 2028 | X27: 6225 | Y27: 3232 | Z27: 6259 | AA27: 6225 | AB27: 6225 | AC27: 9906 | AD27: 9906 | AE27: 3272 | AF27: 3095 | AG27: 6225 | AH27: 3095 | AI27: 3095 | AJ27: 3095 | AK27: 6225 | AL27: 6225 | AM27: 6291 | AN27: 6225 | AO27: 6259 | AP27: 3064 | AQ27: 3205 | AR27: 3205 | AS27: 3205 | AT27: 3064 | AU27: 3064 | AV27: 6291 | AW27: 3043 | AX27: 3064 | AY27: 6291 | AZ27: 5386 | BA27: 6225 | BB27: 6291 | BC27: 6225 | BD27: 6225 | BE27: 6165 | BF27: 6165 | BG27: 6225 | BH27: 6225 | BI27: 1475 | BJ27: 1475 | BK27: 4303 | BL27: 4303 | BM27: 4303 | BN27: 6225 | BO27: 6225 | BP27: 6225 | BQ27: 4303 | BR27: 6225 | BS27: 5310 | BT27: 5310 | BU27: 6236 | BV27: 5310 | BW27: 6225 | BX27: 6225 | BY27: 1475 | BZ27: 1475 | CA27: 6225 | CB27: 6225 | CC27: 5475 | CD27: 5310 | CE27: 6225 | CF27: 8070 | CG27: 8070 | CH27: 8070 | CI27: 3228 | CJ27: 3228 | CK27: 8070 | CL27: 4304 | CM27: 3228 | CN27: 3228 | CO27: 3191 | CP27: 3191 | CQ27: 3191 | CR27: 3191 | CS27: 5348 | CT27: 1325 | CU27: 3064 | CV27: 9103 | CW27: 3138 | CX27: 3138 | CY27: 6276 | CZ27: 9103 | DA27: 6225 | DB27: 3228 | DC27: 6225 | DD27: 2007 | DE27: 6225 | DF27: 3064 | DG27: 5475 | DH27: 3093 | DI27: 3093 | DJ27: 3093 | DK27: 6241 | DL27: 3093 | DM27: 3093 | DN27: 3093 | DO27: 3093 | DP27: 3443 | DQ27: 3093 | DR27: 3443 | DS27: 2615 | DT27: 8933 | DU27: 5364 | DV27: 2482 | DW27: 2482 | DX27: 4304 | DY27: 2482 | DZ27: 6291 | EA27: 2321 | EB27: 3308 | EC27: 1519 | ED27: 6291 | EE27: 6276 | EF27: 2321 | EG27: 1808 | EH27: 1808 | EI27: 5314 | EJ27: 5314 | EK27: 2314 | EL27: 2321 | EM27: 1101
B28: 公司名稱 | C28: 科風 | D28: 昇益 | E28: 上亞科技 | F28: 上亞科技 | G28: 上亞科技 | H28: 上亞科技 | I28: 久威 | J28: 久威 | K28: 士開 | L28: 士開 | M28: 士開 | N28: 士開 | O28: 昇益 | P28: 威盛 | Q28: 昇益 | R28: 士開 | S28: 基亞 | T28: 基亞 | U28: 網家 | V28: 威盛 | W28: 威致 | X28: 天瀚 | Y28: 昱捷 | Z28: 百徽 | AA28: 天瀚 | AB28: 天瀚 | AC28: 欣巴巴 | AD28: 欣巴巴 | AE28: 東碩 | AF28: 及成 | AG28: 天瀚 | AH28: 及成 | AI28: 及成 | AJ28: 及成 | AK28: 天瀚 | AL28: 天瀚 | AM28: 沛亨 | AN28: 天瀚 | AO28: 百徽 | AP28: 泰偉 | AQ28: 佰研 | AR28: 佰研 | AS28: 佰研 | AT28: 泰偉 | AU28: 泰偉 | AV28: 沛亨 | AW28: 科風 | AX28: 泰偉 | AY28: 沛亨 | AZ28: 青雲 | BA28: 天瀚 | BB28: 沛亨 | BC28: 天瀚 | BD28: 天瀚 | BE28: 浪凡 | BF28: 浪凡 | BG28: 天瀚 | BH28: 天瀚 | BI28: 業旺 | BJ28: 業旺 | BK28: 信立 | BL28: 信立 | BM28: 信立 | BN28: 天瀚 | BO28: 天瀚 | BP28: 天瀚 | BQ28: 信立 | BR28: 天瀚 | BS28: 天剛 | BT28: 天剛 | BU28: 中湛 | BV28: 天剛 | BW28: 天瀚 | BX28: 天瀚 | BY28: 業旺 | BZ28: 業旺 | CA28: 天瀚 | CB28: 天瀚 | CC28: 德宏 | CD28: 天剛 | CE28: 天瀚 | CF28: 長華* | CG28: 長華* | CH28: 長華* | CI28: 金麗科 | CJ28: 金麗科 | CK28: 長華* | CL28: 勝昱 | CM28: 金麗科 | CN28: 金麗科 | CO28: 雲嘉南 | CP28: 雲嘉南 | CQ28: 雲嘉南 | CR28: 雲嘉南 | CS28: 正能量智能 | CT28: 恒大 | CU28: 泰偉 | CV28: 美德醫療-DR | CW28: 耀登 | CX28: 耀登 | CY28: 安鈦克 | CZ28: 美德醫療-DR | DA28: 天瀚 | DB28: 金麗科 | DC28: 天瀚 | DD28: 燁興 | DE28: 天瀚 | DF28: 泰偉 | DG28: 德宏 | DH28: 港建* | DI28: 港建* | DJ28: 港建* | DK28: 易通展 | DL28: 港建* | DM28: 港建* | DN28: 港建* | DO28: 港建* | DP28: 創意 | DQ28: 港建* | DR28: 創意 | DS28: 萬海 | DT28: 愛地雅 | DU28: 力麗店 | DV28: 連宇 | DW28: 連宇 | DX28: 勝昱 | DY28: 連宇 | DZ28: 沛亨 | EA28: 東訊 | EB28: 聯德 | EC28: 華城 | ED28: 沛亨 | EE28: 安鈦克 | EF28: 東訊 | EG28: 潤隆 | EH28: 潤隆 | EI28: 世紀* | EJ28: 世紀* | EK28: 台揚 | EL28: 東訊 | EM28: 台泥
B29: 高 | C29: 2540 | D29: 2330 | E29: 5364 | F29: 5364 | G29: 5364 | H29: 5364 | I29: 2323 | J29: 2323 | K29: 5364 | L29: 8941 | M29: 5364 | N29: 5364 | O29: 2323 | P29: 2408 | Q29: 2323 | R29: 2408 | S29: 2408 | T29: 2408 | U29: 2323 | V29: 2408 | W29: 5455 | X29: 2323 | Y29: 3205 | Z29: 3205 | AA29: 2323 | AB29: 2323 | AC29: 3205 | AD29: 3205 | AE29: 3205 | AF29: 4502 | AG29: 2323 | AH29: 4502 | AI29: 4502 | AJ29: 4502 | AK29: 2323 | AL29: 2323 | AM29: 2330 | AN29: 2323 | AO29: 6283 | AP29: 6246 | AQ29: 6246 | AR29: 2496 | AS29: 2496 | AT29: 2496 | AU29: 2496 | AV29: 2330 | AW29: 3252 | AX29: 2337 | AY29: 2330 | AZ29: 4303 | BA29: 3252 | BB29: 2330 | BC29: 1906 | BD29: 1906 | BE29: 2342 | BF29: 2342 | BG29: 1906 | BH29: 1906 | BI29: 2330 | BJ29: 9958 | BK29: 9958 | BL29: 1529 | BM29: 1529 | BN29: 8085 | BO29: 8085 | BP29: 8085 | BQ29: 1529 | BR29: 2409 | BS29: 1529 | BT29: 1529 | BU29: 1529 | BV29: 1529 | BW29: 3252 | BX29: 3252 | BY29: 2330 | BZ29: 2330 | CA29: 5608 | CB29: 5608 | CC29: 1325 | CD29: 9103 | CE29: 1314 | CF29: 9103 | CG29: 9103 | CH29: 9103 | CI29: 3252 | CJ29: 3252 | CK29: 3138 | CL29: 2330 | CM29: 3252 | CN29: 3252 | CO29: 2609 | CP29: 2609 | CQ29: 5475 | CR29: 2609 | CS29: 2330 | CT29: 5475 | CU29: 5475 | CV29: 5475 | CW29: 5475 | CX29: 5475 | CY29: 2364 | CZ29: 2364 | DA29: 1314 | DB29: 1906 | DC29: 1312 | DD29: 2364 | DE29: 2323 | DF29: 2323 | DG29: 3095 | DH29: 3095 | DI29: 3095 | DJ29: 3095 | DK29: 3095 | DL29: 3043 | DM29: 3095 | DN29: 3043 | DO29: 3095 | DP29: 2603 | DQ29: 5314 | DR29: 1906 | DS29: 1519 | DT29: 6103 | DU29: 5314 | DV29: 5314 | DW29: 5314 | DX29: 2330 | DY29: 5314 | DZ29: 5314 | EA29: 2330 | EB29: 6144 | EC29: 1314 | ED29: 3064 | EE29: 3064 | EF29: 2330 | EG29: 8937 | EH29: 8937 | EI29: 8937 | EJ29: 8937 | EK29: 8937 | EL29: 2330 | EM29: 9962
B30: 公司名稱 | C30: 愛山林 | D30: 台積電 | E30: 力麗店 | F30: 力麗店 | G30: 力麗店 | H30: 力麗店 | I30: 中環 | J30: 中環 | K30: 力麗店 | L30: 關中 | M30: 力麗店 | N30: 力麗店 | O30: 中環 | P30: 南亞科 | Q30: 中環 | R30: 南亞科 | S30: 南亞科 | T30: 南亞科 | U30: 中環 | V30: 南亞科 | W30: 昇益 | X30: 中環 | Y30: 佰研 | Z30: 佰研 | AA30: 中環 | AB30: 中環 | AC30: 佰研 | AD30: 佰研 | AE30: 佰研 | AF30: 健信 | AG30: 中環 | AH30: 健信 | AI30: 健信 | AJ30: 健信 | AK30: 中環 | AL30: 中環 | AM30: 台積電 | AN30: 中環 | AO30: 淳安 | AP30: 臺龍 | AQ30: 臺龍 | AR30: 卓越 | AS30: 卓越 | AT30: 卓越 | AU30: 卓越 | AV30: 台積電 | AW30: 海灣 | AX30: 旺宏 | AY30: 台積電 | AZ30: 信立 | BA30: 海灣 | BB30: 台積電 | BC30: 寶隆 | BD30: 寶隆 | BE30: 茂矽 | BF30: 茂矽 | BG30: 寶隆 | BH30: 寶隆 | BI30: 台積電 | BJ30: 世紀鋼 | BK30: 世紀鋼 | BL30: 樂事綠能 | BM30: 樂事綠能 | BN30: 福華 | BO30: 福華 | BP30: 福華 | BQ30: 樂事綠能 | BR30: 友達 | BS30: 樂事綠能 | BT30: 樂事綠能 | BU30: 樂事綠能 | BV30: 樂事綠能 | BW30: 海灣 | BX30: 海灣 | BY30: 台積電 | BZ30: 台積電 | CA30: 四維航 | CB30: 四維航 | CC30: 恒大 | CD30: 美德醫療-DR | CE30: 中石化 | CF30: 美德醫療-DR | CG30: 美德醫療-DR | CH30: 美德醫療-DR | CI30: 海灣 | CJ30: 海灣 | CK30: 耀登 | CL30: 台積電 | CM30: 海灣 | CN30: 海灣 | CO30: 陽明 | CP30: 陽明 | CQ30: 德宏 | CR30: 陽明 | CS30: 台積電 | CT30: 德宏 | CU30: 德宏 | CV30: 德宏 | CW30: 德宏 | CX30: 德宏 | CY30: 倫飛 | CZ30: 倫飛 | DA30: 中石化 | DB30: 寶隆 | DC30: 國喬 | DD30: 倫飛 | DE30: 中環 | DF30: 中環 | DG30: 及成 | DH30: 及成 | DI30: 及成 | DJ30: 及成 | DK30: 及成 | DL30: 科風 | DM30: 及成 | DN30: 科風 | DO30: 及成 | DP30: 長榮 | DQ30: 世紀* | DR30: 寶隆 | DS30: 華城 | DT30: 合邦 | DU30: 世紀* | DV30: 世紀* | DW30: 世紀* | DX30: 台積電 | DY30: 世紀* | DZ30: 世紀* | EA30: 台積電 | EB30: 得利影 | EC30: 中石化 | ED30: 泰偉 | EE30: 泰偉 | EF30: 台積電 | EG30: 合騏 | EH30: 合騏 | EI30: 合騏 | EJ30: 合騏 | EK30: 合騏 | EL30: 台積電 | EM30: 有益

Sheet 勝率
A1: Real
B2: Time | C2: 2013/12 | D2: 2014/01 | E2: 2014/02 | F2: 2014/03 | G2: 2014/04 | H2: 2014/05 | I2: 2014/06 | J2: 2014/07 | K2: 2014/08 | L2: 2014/09 | M2: 2014/10 | N2: 2014/11 | O2: 2014/12 | P2: 2015/01 | Q2: 2015/02 | R2: 2015/03 | S2: 2015/04 | T2: 2015/05 | U2: 2015/06 | V2: 2015/07 | W2: 2015/08 | X2: 2015/09 | Y2: 2015/10 | Z2: 2015/11 | AA2: 2015/12 | AB2: 2016/01 | AC2: 2016/02 | AD2: 2016/03 | AE2: 2016/04 | AF2: 2016/05 | AG2: 2016/06 | AH2: 2016/07 | AI2: 2016/08 | AJ2: 2016/09 | AK2: 2016/10 | AL2: 2016/11 | AM2: 2016/12 | AN2: 2017/01 | AO2: 2017/02 | AP2: 2017/03 | AQ2: 2017/04 | AR2: 2017/05 | AS2: 2017/06 | AT2: 2017/07 | AU2: 2017/08 | AV2: 2017/09 | AW2: 2017/10 | AX2: 2017/11 | AY2: 2017/12 | AZ2: 2018/01 | BA2: 2018/02 | BB2: 2018/03 | BC2: 2018/04 | BD2: 2018/05 | BE2: 2018/06 | BF2: 2018/07 | BG2: 2018/08 | BH2: 2018/09 | BI2: 2018/10 | BJ2: 2018/11 | BK2: 2018/12 | BL2: 2019/01 | BM2: 2019/02 | BN2: 2019/03 | BO2: 2019/04 | BP2: 2019/05 | BQ2: 2019/06 | BR2: 2019/07 | BS2: 2019/08 | BT2: 2019/09 | BU2: 2019/10 | BV2: 2019/11 | BW2: 2019/12 | BX2: 2020/01 | BY2: 2020/02 | BZ2: 2020/03 | CA2: 2020/04 | CB2: 2020/05 | CC2: 2020/06 | CD2: 2020/07 | CE2: 2020/08 | CF2: 2020/09 | CG2: 2020/10 | CH2: 2020/11 | CI2: 2020/12 | CJ2: 2021/01 | CK2: 2021/02 | CL2: 2021/03 | CM2: 2021/04 | CN2: 2021/05 | CO2: 2021/06 | CP2: 2021/07 | CQ2: 2021/08 | CR2: 2021/09 | CS2: 2021/10 | CT2: 2021/11 | CU2: 2021/12 | CV2: 2022/01 | CW2: 2022/02 | CX2: 2022/03 | CY2: 2022/04 | CZ2: 2022/05 | DA2: 2022/06 | DB2: 2022/07 | DC2: 2022/08 | DD2: 2022/09 | DE2: 2022/10 | DF2: 2022/11 | DG2: 2022/12 | DH2: 2023/01 | DI2: 2023/02 | DJ2: 2023/03 | DK2: 2023/04 | DL2: 2023/05 | DM2: 2023/06 | DN2: 2023/07 | DO2: 2023/08 | DP2: 2023/09 | DQ2: 2023/10 | DR2: 2023/11 | DS2: 2023/12 | DT2: 2024/01 | DU2: 2024/02 | DV2: 2024/03 | DW2: 2024/04 | DX2: 2024/05 | DY2: 2024/06 | DZ2: 2024/07 | EA2: 2024/08 | EB2: 2024/09 | EC2: 2024/10 | ED2: 2024/11 | EE2: 2024/12 | EF2: 2025/01 | EG2: 2025/02 | EH2: 2025/03 | EI2: 2025/04 | EJ2: 2025/05 | EK2: 2025/06 | EL2: 2025/07 | EM2: 2025/08
B3: bm | C3: 0.11254353 | D3: 0.034097093 | E3: -0.034092261 | F3: -0.016058652 | G3: -0.0032385096 | H3: 0.037901102 | I3: 0.19658042 | J3: 0.123748 | K3: -0.0034480581 | L3: 0.056295168 | M3: -0.033270601 | N3: 0.13532466 | O3: 0.02969531 | P3: -0.075919536 | Q3: -0.062747606 | R3: 0.034334773 | S3: -0.11448918 | T3: -0.128411 | U3: -0.01815403 | V3: 0.097284226 | W3: 0.06448606 | X3: 0.1327038 | Y3: -0.14506291 | Z3: 0.15983802 | AA3: -0.079439674 | AB3: 0.065463771 | AC3: 0.10841757 | AD3: 0.035162094 | AE3: -0.13259397 | AF3: 0.079167282 | AG3: 0.1474472 | AH3: 0.10818108 | AI3: 0.031505046 | AJ3: 0.068324574 | AK3: 0.13938042 | AL3: 0.0015927447 | AM3: 0.11699323 | AN3: 0.18348806 | AO3: -0.013624633 | AP3: -0.10636754 | AQ3: -0.026929215 | AR3: 0.042036531 | AS3: 0.018696587 | AT3: 0.050640506 | AU3: 0.060413159 | AV3: -0.049074617 | AW3: 0.041357509 | AX3: 0.1327231 | AY3: 0.05462578 | AZ3: 0.015696796 | BA3: 0.012690345 | BB3: 0.10435302 | BC3: 0.027796633 | BD3: 0.015784322 | BE3: 0.053739938 | BF3: 0.15375844 | BG3: 0.14726982 | BH3: 0.058771535 | BI3: 0.089685564 | BJ3: -0.041235808 | BK3: -0.085734728 | BL3: 0.06541404 | BM3: -0.031368353 | BN3: 0.035359622 | BO3: 0.077704285 | BP3: -0.014539108 | BQ3: 0.054478665 | BR3: -0.011979953 | BS3: 0.061686425 | BT3: 0.017609737 | BU3: 0.001762998 | BV3: 0.079901428 | BW3: -0.026106377 | BX3: 0.022152374 | BY3: -0.070677725 | BZ3: 0.10127162 | CA3: -0.11166328 | CB3: 0.021342222 | CC3: -0.0047361279 | CD3: 0.17955101 | CE3: 0.061307643 | CF3: 0.091604774 | CG3: 0.097692005 | CH3: 0.15714712 | CI3: -0.088647186 | CJ3: -0.014935576 | CK3: 0.038208336 | CL3: 0.31725854 | CM3: -0.04994997 | CN3: -0.038447027 | CO3: 0.00071081192 | CP3: 0.14471258 | CQ3: 0.14928899 | CR3: -0.039801054 | CS3: -0.046545919 | CT3: 0.034133664 | CU3: 0.12875406 | CV3: 0.031635368 | CW3: 0.041194563 | CX3: 0.16319544 | CY3: -0.043115028 | CZ3: 0.22006844 | DA3: -0.04142373 | DB3: -0.011737974 | DC3: 0.10777107 | DD3: 0.067224014 | DE3: -0.040137128 | DF3: 0.036396903 | DG3: -0.098061051 | DH3: -0.012045848 | DI3: -0.089410575 | DJ3: 0.054992879 | DK3: -0.057186589 | DL3: -0.029284301 | DM3: -0.031402929 | DN3: 0.084413623 | DO3: 0.048170818 | DP3: 0.090346423 | DQ3: -0.11867639 | DR3: 0.11050757 | DS3: -0.073814619 | DT3: -0.10633883 | DU3: 0.0096230219 | DV3: 0.14417122 | DW3: 0.085312212 | DX3: -0.11038018 | DY3: 0.12870772 | DZ3: -0.053270106 | EA3: 0.17325686 | EB3: 0.012264442 | EC3: 0.077320493 | ED3: -0.16510374 | EE3: 0.077592443 | EF3: 0.056688315 | EG3: 0.1757144 | EH3: -0.050736759 | EI3: -0.032979675 | EJ3: -0.1750733 | EK3: 0.075703333 | EL3: -0.11145874 | EM3: #NUM!
B4: size | C4: -0.26567505 | D4: -0.26274582 | E4: -0.078695496 | F4: 0.065706805 | G4: -0.059999729 | H4: -0.090782629 | I4: -0.029543457 | J4: 0.06875609 | K4: -0.045430805 | L4: 0.092349485 | M4: 0.0055332373 | N4: -0.20262956 | O4: -0.055439189 | P4: 0.063019438 | Q4: -0.051127471 | R4: -0.0026369264 | S4: 0.11737044 | T4: 0.028121058 | U4: 0.024399698 | V4: 0.0024693189 | W4: -0.12931199 | X4: -0.078183592 | Y4: -0.016789063 | Z4: -0.021755872 | AA4: 0.056064772 | AB4: -0.026152478 | AC4: -0.070545451 | AD4: -0.046059359 | AE4: 0.13302405 | AF4: -0.089277754 | AG4: -0.059320758 | AH4: -0.055248054 | AI4: -0.03443289 | AJ4: -0.0010118202 | AK4: 0.010080194 | AL4: -0.11988371 | AM4: -0.0052132143 | AN4: -0.10834391 | AO4: -0.058361176 | AP4: 0.010829655 | AQ4: 0.0091678033 | AR4: 0.094714182 | AS4: -0.024402385 | AT4: 0.0020132029 | AU4: -0.16715058 | AV4: 0.033972262 | AW4: -0.016836938 | AX4: -0.034706448 | AY4: 0.0051832253 | AZ4: -0.11973657 | BA4: -0.13521273 | BB4: 0.016982 | BC4: 0.023074368 | BD4: -0.11999454 | BE4: 0.12932848 | BF4: 0.016709915 | BG4: -0.022306747 | BH4: 0.039303081 | BI4: -0.10048888 | BJ4: -0.10199028 | BK4: 0.099875651 | BL4: -0.032934037 | BM4: 0.0262875 | BN4: 0.10734549 | BO4: -0.025606337 | BP4: 0.12241177 | BQ4: -0.045440179 | BR4: -0.071268977 | BS4: -0.068098859 | BT4: 0.092203282 | BU4: 0.082899618 | BV4: -0.041301127 | BW4: -0.099351182 | BX4: -0.038144887 | BY4: 0.11248742 | BZ4: -0.037880283 | CA4: -0.091542003 | CB4: -0.12463256 | CC4: -0.061699946 | CD4: -0.075868372 | CE4: -0.22128938 | CF4: 0.0086756078 | CG4: 0.031786264 | CH4: -0.037814116 | CI4: 0.049549068 | CJ4: -0.010429677 | CK4: -0.083344347 | CL4: -0.053422112 | CM4: 0.19037761 | CN4: 0.058217829 | CO4: -0.14266652 | CP4: 0.041776779 | CQ4: -0.16944775 | CR4: -0.084810245 | CS4: -0.03477087 | CT4: -0.11929695 | CU4: -0.017795179 | CV4: -0.014834128 | CW4: -0.046319066 | CX4: -0.09663469 | CY4: -0.078834385 | CZ4: -0.21252635 | DA4: -0.11368552 | DB4: -0.1831019 | DC4: -0.042499865 | DD4: 0.027817596 | DE4: 0.068607937 | DF4: -0.13309486 | DG4: 0.22249787 | DH4: -0.13075878 | DI4: -0.10969183 | DJ4: -0.11047372 | DK4: 0.085555392 | DL4: -0.037902764 | DM4: 0.083550635 | DN4: -0.055064654 | DO4: -0.091404376 | DP4: -0.14635791 | DQ4: 0.07258441 | DR4: -0.036982983 | DS4: -0.15848873 | DT4: -0.076734871 | DU4: 0.1465233 | DV4: 0.0092142529 | DW4: -0.12809453 | DX4: -0.057788778 | DY4: -0.10353071 | DZ4: -0.053247234 | EA4: -0.11101122 | EB4: -0.057337042 | EC4: 0.053167127 | ED4: 0.055871006 | EE4: 0.15335804 | EF4: -0.11423136 | EG4: -0.044005617 | EH4: 0.017544152 | EI4: 0.086430773 | EJ4: 0.13519055 | EK4: 0.12749822 | EL4: -0.030403121 | EM4: #NUM!
B5: mom | C5: -0.024114963 | D5: 0.1401006 | E5: -0.0054828677 | F5: -0.04806796 | G5: 0.098556491 | H5: 0.0040265399 | I5: -0.054392917 | J5: -0.00078467923 | K5: 0.03198565 | L5: -0.0052053083 | M5: 0.083785175 | N5: -0.056914478 | O5: 0.06851042 | P5: 0.028609346 | Q5: 0.066853829 | R5: -0.0022018586 | S5: 0.13430089 | T5: 0.13091808 | U5: 0.013133991 | V5: 0.026183164 | W5: -0.094297429 | X5: -0.30132339 | Y5: 0.10842895 | Z5: -0.14174493 | AA5: 0.11702124 | AB5: -0.022180044 | AC5: -0.086460961 | AD5: 0.021464874 | AE5: 0.15421824 | AF5: -0.14648945 | AG5: -0.047015552 | AH5: 0.019690199 | AI5: 0.039309116 | AJ5: -0.026623525 | AK5: -0.025125102 | AL5: -0.10344397 | AM5: 0.06190072 | AN5: 0.076731055 | AO5: 0.098982723 | AP5: 0.054076693 | AQ5: -0.030251892 | AR5: 0.00044910599 | AS5: 0.070194262 | AT5: 0.17429282 | AU5: -0.081385666 | AV5: 0.15075612 | AW5: 0.057401718 | AX5: -0.15692285 | AY5: 0.047095412 | AZ5: -0.057117988 | BA5: -0.022411435 | BB5: -0.15274623 | BC5: 0.022968193 | BD5: 0.0010412666 | BE5: -0.13310703 | BF5: -0.19610968 | BG5: -0.18881309 | BH5: -0.10071704 | BI5: -0.12578122 | BJ5: -0.010946697 | BK5: -0.061548923 | BL5: -0.15045858 | BM5: 0.12760274 | BN5: -0.017866803 | BO5: -0.025323955 | BP5: 0.040051232 | BQ5: -0.042262606 | BR5: 0.17888215 | BS5: -0.099129045 | BT5: 0.040560012 | BU5: 0.063241856 | BV5: -0.096181909 | BW5: -0.13606285 | BX5: -0.0050219314 | BY5: 0.11233989 | BZ5: 0.034223088 | CA5: 0.070051209 | CB5: 0.023662883 | CC5: 0.093938184 | CD5: -0.029913967 | CE5: -0.10685236 | CF5: -0.058583352 | CG5: -0.1185641 | CH5: -0.047815465 | CI5: -0.061561116 | CJ5: 0.22741941 | CK5: 0.1332388 | CL5: 0.040261514 | CM5: -0.073899374 | CN5: 0.24689459 | CO5: -0.10444084 | CP5: -0.017008494 | CQ5: -0.20843471 | CR5: -0.083953984 | CS5: 0.08662128 | CT5: -0.02628501 | CU5: -0.29981484 | CV5: 0.24030007 | CW5: 0.09157936 | CX5: -0.099166296 | CY5: 0.10766172 | CZ5: -0.054245194 | DA5: 0.08253219 | DB5: 0.13651007 | DC5: -0.013925396 | DD5: -0.13979564 | DE5: -0.09411437 | DF5: 0.052829966 | DG5: -0.19928626 | DH5: 0.10213914 | DI5: 0.037772798 | DJ5: 0.065447994 | DK5: 0.059654622 | DL5: 0.095335574 | DM5: 0.040485912 | DN5: 0.0034939953 | DO5: -0.10610844 | DP5: -0.24479189 | DQ5: 0.21383696 | DR5: 0.010889666 | DS5: 0.13411936 | DT5: 0.12417191 | DU5: 0.078095889 | DV5: -0.053915428 | DW5: -0.023828252 | DX5: 0.066514734 | DY5: 0.019361307 | DZ5: 0.018750008 | EA5: -0.28354334 | EB5: -0.13389241 | EC5: -0.022714427 | ED5: 0.044607042 | EE5: -0.129061 | EF5: -0.065742552 | EG5: -0.11722283 | EH5: -0.026547499 | EI5: -0.033015556 | EJ5: 0.045977173 | EK5: -0.069235534 | EL5: 0.014684336 | EM5: #NUM!
A6: 絕對值最大 | C6: {=MATCH(MAX(ABS(C3:C5)), ABS(C3:C5), 0)} -> 2 | D6: {=MATCH(MAX(ABS(D3:D5)), ABS(D3:D5), 0)} -> 2 | E6: {=MATCH(MAX(ABS(E3:E5)), ABS(E3:E5), 0)} -> 2 | F6: {=MATCH(MAX(ABS(F3:F5)), ABS(F3:F5), 0)} -> 2 | G6: {=MATCH(MAX(ABS(G3:G5)), ABS(G3:G5), 0)} -> 3 | H6: {=MATCH(MAX(ABS(H3:H5)), ABS(H3:H5), 0)} -> 2 | I6: {=MATCH(MAX(ABS(I3:I5)), ABS(I3:I5), 0)} -> 1 | J6: {=MATCH(MAX(ABS(J3:J5)), ABS(J3:J5), 0)} -> 1 | ... EM6: {=MATCH(MAX(ABS(EM3:EM5)), ABS(EM3:EM5), 0)} -> #NUM!
C7: =IF(C6=1,"bm",IF(C6=2,"size",IF(C6=3,"mom"))) -> size | D7: =IF(D6=1,"bm",IF(D6=2,"size",IF(D6=3,"mom"))) -> size | E7: =IF(E6=1,"bm",IF(E6=2,"size",IF(E6=3,"mom"))) -> size | F7: =IF(F6=1,"bm",IF(F6=2,"size",IF(F6=3,"mom"))) -> size | G7: =IF(G6=1,"bm",IF(G6=2,"size",IF(G6=3,"mom"))) -> mom | H7: =IF(H6=1,"bm",IF(H6=2,"size",IF(H6=3,"mom"))) -> size | I7: =IF(I6=1,"bm",IF(I6=2,"size",IF(I6=3,"mom"))) -> bm | J7: =IF(J6=1,"bm",IF(J6=2,"size",IF(J6=3,"mom"))) -> bm | ... EM7: =IF(EM6=1,"bm",IF(EM6=2,"size",IF(EM6=3,"mom"))) -> #NUM!
C8: =IF(C6=1,C3,IF(C6=2,C4,IF(C6=3,C5))) -> -0.26567505 | D8: =IF(D6=1,D3,IF(D6=2,D4,IF(D6=3,D5))) -> -0.26274582 | E8: =IF(E6=1,E3,IF(E6=2,E4,IF(E6=3,E5))) -> -0.078695496 | F8: =IF(F6=1,F3,IF(F6=2,F4,IF(F6=3,F5))) -> 0.065706805 | G8: =IF(G6=1,G3,IF(G6=2,G4,IF(G6=3,G5))) -> 0.098556491 | H8: =IF(H6=1,H3,IF(H6=2,H4,IF(H6=3,H5))) -> -0.090782629 | I8: =IF(I6=1,I3,IF(I6=2,I4,IF(I6=3,I5))) -> 0.19658042 | J8: =IF(J6=1,J3,IF(J6=2,J4,IF(J6=3,J5))) -> 0.123748 | ... EM8: =IF(EM6=1,EM3,IF(EM6=2,EM4,IF(EM6=3,EM5))) -> #NUM!
A10: 投資組合 | C10: 公司數 | D10: 1051
A11: 等分 | B11: 家數 | C11: 2013/12 | D11: 2014/01 | E11: 2014/02 | F11: 2014/03 | G11: 2014/04 | H11: 2014/05 | I11: 2014/06 | J11: 2014/07 | K11: 2014/08 | L11: 2014/09 | M11: 2014/10 | N11: 2014/11 | O11: 2014/12 | P11: 2015/01 | Q11: 2015/02 | R11: 2015/03 | S11: 2015/04 | T11: 2015/05 | U11: 2015/06 | V11: 2015/07 | W11: 2015/08 | X11: 2015/09 | Y11: 2015/10 | Z11: 2015/11 | AA11: 2015/12 | AB11: 2016/01 | AC11: 2016/02 | AD11: 2016/03 | AE11: 2016/04 | AF11: 2016/05 | AG11: 2016/06 | AH11: 2016/07 | AI11: 2016/08 | AJ11: 2016/09 | AK11: 2016/10 | AL11: 2016/11 | AM11: 2016/12 | AN11: 2017/01 | AO11: 2017/02 | AP11: 2017/03 | AQ11: 2017/04 | AR11: 2017/05 | AS11: 2017/06 | AT11: 2017/07 | AU11: 2017/08 | AV11: 2017/09 | AW11: 2017/10 | AX11: 2017/11 | AY11: 2017/12 | AZ11: 2018/01 | BA11: 2018/02 | BB11: 2018/03 | BC11: 2018/04 | BD11: 2018/05 | BE11: 2018/06 | BF11: 2018/07 | BG11: 2018/08 | BH11: 2018/09 | BI11: 2018/10 | BJ11: 2018/11 | BK11: 2018/12 | BL11: 2019/01 | BM11: 2019/02 | BN11: 2019/03 | BO11: 2019/04 | BP11: 2019/05 | BQ11: 2019/06 | BR11: 2019/07 | BS11: 2019/08 | BT11: 2019/09 | BU11: 2019/10 | BV11: 2019/11 | BW11: 2019/12 | BX11: 2020/01 | BY11: 2020/02 | BZ11: 2020/03 | CA11: 2020/04 | CB11: 2020/05 | CC11: 2020/06 | CD11: 2020/07 | CE11: 2020/08 | CF11: 2020/09 | CG11: 2020/10 | CH11: 2020/11 | CI11: 2020/12 | CJ11: 2021/01 | CK11: 2021/02 | CL11: 2021/03 | CM11: 2021/04 | CN11: 2021/05 | CO11: 2021/06 | CP11: 2021/07 | CQ11: 2021/08 | CR11: 2021/09 | CS11: 2021/10 | CT11: 2021/11 | CU11: 2021/12 | CV11: 2022/01 | CW11: 2022/02 | CX11: 2022/03 | CY11: 2022/04 | CZ11: 2022/05 | DA11: 2022/06 | DB11: 2022/07 | DC11: 2022/08 | DD11: 2022/09 | DE11: 2022/10 | DF11: 2022/11 | DG11: 2022/12 | DH11: 2023/01 | DI11: 2023/02 | DJ11: 2023/03 | DK11: 2023/04 | DL11: 2023/05 | DM11: 2023/06 | DN11: 2023/07 | DO11: 2023/08 | DP11: 2023/09 | DQ11: 2023/10 | DR11: 2023/11 | DS11: 2023/12 | DT11: 2024/01 | DU11: 2024/02 | DV11: 2024/03 | DW11: 2024/04 | DX11: 2024/05 | DY11: 2024/06 | DZ11: 2024/07 | EA11: 2024/08 | EB11: 2024/09 | EC11: 2024/10 | ED11: 2024/11 | EE11: 2024/12 | EF11: 2025/01 | EG11: 2025/02 | EH11: 2025/03 | EI11: 2025/04 | EJ11: 2025/05 | EK11: 2025/06 | EL11: 2025/07 | EM11: sum | EN11: 勝率
A12: 10 | B12: =ROUND($D$10/A12,0) -> 105 | C12: =IF(預測IC!C12>預測IC!C$25,1,0) -> 1 | D12: =IF(預測IC!D12>預測IC!D$25,1,0) -> 1 | E12: =IF(預測IC!E12>預測IC!E$25,1,0) -> 0 | F12: =IF(預測IC!F12>預測IC!F$25,1,0) -> 0 | G12: =IF(預測IC!G12>預測IC!G$25,1,0) -> 0 | H12: =IF(預測IC!H12>預測IC!H$25,1,0) -> 0 | I12: =IF(預測IC!I12>預測IC!I$25,1,0) -> 0 | J12: =IF(預測IC!J12>預測IC!J$25,1,0) -> 1 | ... EL12: =IF(預測IC!EL12>預測IC!EL$25,1,0) -> 0 | EM12: =SUM(C12:EL12) -> 68 | EN12: =EM12/140 -> 0.48571429
A13: 20 | B13: =ROUND($D$10/A13,0) -> 53 | C13: =IF(預測IC!C13>預測IC!C$25,1,0) -> 0 | D13: =IF(預測IC!D13>預測IC!D$25,1,0) -> 1 | E13: =IF(預測IC!E13>預測IC!E$25,1,0) -> 0 | F13: =IF(預測IC!F13>預測IC!F$25,1,0) -> 0 | G13: =IF(預測IC!G13>預測IC!G$25,1,0) -> 0 | H13: =IF(預測IC!H13>預測IC!H$25,1,0) -> 0 | I13: =IF(預測IC!I13>預測IC!I$25,1,0) -> 0 | J13: =IF(預測IC!J13>預測IC!J$25,1,0) -> 1 | ... EL13: =IF(預測IC!EL13>預測IC!EL$25,1,0) -> 0 | EM13: =SUM(C13:EL13) -> 73 | EN13: =EM13/140 -> 0.52142857
A14: 50 | B14: =ROUND($D$10/A14,0) -> 21 | C14: =IF(預測IC!C14>預測IC!C$25,1,0) -> 0 | D14: =IF(預測IC!D14>預測IC!D$25,1,0) -> 1 | E14: =IF(預測IC!E14>預測IC!E$25,1,0) -> 0 | F14: =IF(預測IC!F14>預測IC!F$25,1,0) -> 1 | G14: =IF(預測IC!G14>預測IC!G$25,1,0) -> 0 | H14: =IF(預測IC!H14>預測IC!H$25,1,0) -> 0 | I14: =IF(預測IC!I14>預測IC!I$25,1,0) -> 0 | J14: =IF(預測IC!J14>預測IC!J$25,1,0) -> 1 | ... EL14: =IF(預測IC!EL14>預測IC!EL$25,1,0) -> 0 | EM14: =SUM(C14:EL14) -> 72 | EN14: =EM14/140 -> 0.51428571
A15: 110 | B15: =ROUND($D$10/A15,0) -> 10 | C15: =IF(預測IC!C15>預測IC!C$25,1,0) -> 0 | D15: =IF(預測IC!D15>預測IC!D$25,1,0) -> 1 | E15: =IF(預測IC!E15>預測IC!E$25,1,0) -> 0 | F15: =IF(預測IC!F15>預測IC!F$25,1,0) -> 1 | G15: =IF(預測IC!G15>預測IC!G$25,1,0) -> 0 | H15: =IF(預測IC!H15>預測IC!H$25,1,0) -> 0 | I15: =IF(預測IC!I15>預測IC!I$25,1,0) -> 0 | J15: =IF(預測IC!J15>預測IC!J$25,1,0) -> 1 | ... EL15: =IF(預測IC!EL15>預測IC!EL$25,1,0) -> 1 | EM15: =SUM(C15:EL15) -> 72 | EN15: =EM15/140 -> 0.51428571
A16: 120 | B16: =ROUND($D$10/A16,0) -> 9 | C16: =IF(預測IC!C16>預測IC!C$25,1,0) -> 0 | D16: =IF(預測IC!D16>預測IC!D$25,1,0) -> 1 | E16: =IF(預測IC!E16>預測IC!E$25,1,0) -> 0 | F16: =IF(預測IC!F16>預測IC!F$25,1,0) -> 1 | G16: =IF(預測IC!G16>預測IC!G$25,1,0) -> 0 | H16: =IF(預測IC!H16>預測IC!H$25,1,0) -> 0 | I16: =IF(預測IC!I16>預測IC!I$25,1,0) -> 0 | J16: =IF(預測IC!J16>預測IC!J$25,1,0) -> 1 | ... EL16: =IF(預測IC!EL16>預測IC!EL$25,1,0) -> 0 | EM16: =SUM(C16:EL16) -> 76 | EN16: =EM16/140 -> 0.54285714
A17: 130 | B17: =ROUND($D$10/A17,0) -> 8 | C17: =IF(預測IC!C17>預測IC!C$25,1,0) -> 0 | D17: =IF(預測IC!D17>預測IC!D$25,1,0) -> 1 | E17: =IF(預測IC!E17>預測IC!E$25,1,0) -> 0 | F17: =IF(預測IC!F17>預測IC!F$25,1,0) -> 1 | G17: =IF(預測IC!G17>預測IC!G$25,1,0) -> 0 | H17: =IF(預測IC!H17>預測IC!H$25,1,0) -> 0 | I17: =IF(預測IC!I17>預測IC!I$25,1,0) -> 0 | J17: =IF(預測IC!J17>預測IC!J$25,1,0) -> 1 | ... EL17: =IF(預測IC!EL17>預測IC!EL$25,1,0) -> 0 | EM17: =SUM(C17:EL17) -> 73 | EN17: =EM17/140 -> 0.52142857
A18: 150 | B18: =ROUND($D$10/A18,0) -> 7 | C18: =IF(預測IC!C18>預測IC!C$25,1,0) -> 0 | D18: =IF(預測IC!D18>預測IC!D$25,1,0) -> 1 | E18: =IF(預測IC!E18>預測IC!E$25,1,0) -> 0 | F18: =IF(預測IC!F18>預測IC!F$25,1,0) -> 1 | G18: =IF(預測IC!G18>預測IC!G$25,1,0) -> 0 | H18: =IF(預測IC!H18>預測IC!H$25,1,0) -> 0 | I18: =IF(預測IC!I18>預測IC!I$25,1,0) -> 0 | J18: =IF(預測IC!J18>預測IC!J$25,1,0) -> 1 | ... EL18: =IF(預測IC!EL18>預測IC!EL$25,1,0) -> 0 | EM18: =SUM(C18:EL18) -> 77 | EN18: =EM18/140 -> 0.55
A19: 180 | B19: =ROUND($D$10/A19,0) -> 6 | C19: =IF(預測IC!C19>預測IC!C$25,1,0) -> 0 | D19: =IF(預測IC!D19>預測IC!D$25,1,0) -> 1 | E19: =IF(預測IC!E19>預測IC!E$25,1,0) -> 1 | F19: =IF(預測IC!F19>預測IC!F$25,1,0) -> 1 | G19: =IF(預測IC!G19>預測IC!G$25,1,0) -> 0 | H19: =IF(預測IC!H19>預測IC!H$25,1,0) -> 1 | I19: =IF(預測IC!I19>預測IC!I$25,1,0) -> 0 | J19: =IF(預測IC!J19>預測IC!J$25,1,0) -> 1 | ... EL19: =IF(預測IC!EL19>預測IC!EL$25,1,0) -> 0 | EM19: =SUM(C19:EL19) -> 80 | EN19: =EM19/140 -> 0.57142857
A20: 200 | B20: =ROUND($D$10/A20,0) -> 5 | C20: =IF(預測IC!C20>預測IC!C$25,1,0) -> 0 | D20: =IF(預測IC!D20>預測IC!D$25,1,0) -> 1 | E20: =IF(預測IC!E20>預測IC!E$25,1,0) -> 1 | F20: =IF(預測IC!F20>預測IC!F$25,1,0) -> 1 | G20: =IF(預測IC!G20>預測IC!G$25,1,0) -> 0 | H20: =IF(預測IC!H20>預測IC!H$25,1,0) -> 0 | I20: =IF(預測IC!I20>預測IC!I$25,1,0) -> 0 | J20: =IF(預測IC!J20>預測IC!J$25,1,0) -> 1 | ... EL20: =IF(預測IC!EL20>預測IC!EL$25,1,0) -> 1 | EM20: =SUM(C20:EL20) -> 81 | EN20: =EM20/140 -> 0.57857143
A21: 256 | B21: =ROUND($D$10/A21,0) -> 4 | C21: =IF(預測IC!C21>預測IC!C$25,1,0) -> 1 | D21: =IF(預測IC!D21>預測IC!D$25,1,0) -> 1 | E21: =IF(預測IC!E21>預測IC!E$25,1,0) -> 0 | F21: =IF(預測IC!F21>預測IC!F$25,1,0) -> 1 | G21: =IF(預測IC!G21>預測IC!G$25,1,0) -> 0 | H21: =IF(預測IC!H21>預測IC!H$25,1,0) -> 0 | I21: =IF(預測IC!I21>預測IC!I$25,1,0) -> 0 | J21: =IF(預測IC!J21>預測IC!J$25,1,0) -> 1 | ... EL21: =IF(預測IC!EL21>預測IC!EL$25,1,0) -> 1 | EM21: =SUM(C21:EL21) -> 79 | EN21: =EM21/140 -> 0.56428571
A22: 400 | B22: =ROUND($D$10/A22,0) -> 3 | C22: =IF(預測IC!C22>預測IC!C$25,1,0) -> 1 | D22: =IF(預測IC!D22>預測IC!D$25,1,0) -> 1 | E22: =IF(預測IC!E22>預測IC!E$25,1,0) -> 0 | F22: =IF(預測IC!F22>預測IC!F$25,1,0) -> 1 | G22: =IF(預測IC!G22>預測IC!G$25,1,0) -> 0 | H22: =IF(預測IC!H22>預測IC!H$25,1,0) -> 0 | I22: =IF(預測IC!I22>預測IC!I$25,1,0) -> 0 | J22: =IF(預測IC!J22>預測IC!J$25,1,0) -> 1 | ... EL22: =IF(預測IC!EL22>預測IC!EL$25,1,0) -> 0 | EM22: =SUM(C22:EL22) -> 78 | EN22: =EM22/140 -> 0.55714286
A23: 512 | B23: =ROUND($D$10/A23,0) -> 2 | C23: =IF(預測IC!C23>預測IC!C$25,1,0) -> 1 | D23: =IF(預測IC!D23>預測IC!D$25,1,0) -> 1 | E23: =IF(預測IC!E23>預測IC!E$25,1,0) -> 0 | F23: =IF(預測IC!F23>預測IC!F$25,1,0) -> 1 | G23: =IF(預測IC!G23>預測IC!G$25,1,0) -> 0 | H23: =IF(預測IC!H23>預測IC!H$25,1,0) -> 0 | I23: =IF(預測IC!I23>預測IC!I$25,1,0) -> 0 | J23: =IF(預測IC!J23>預測IC!J$25,1,0) -> 1 | ... EL23: =IF(預測IC!EL23>預測IC!EL$25,1,0) -> 0 | EM23: =SUM(C23:EL23) -> 81 | EN23: =EM23/140 -> 0.57857143
A24: 1051 | B24: =ROUND($D$10/A24,0) -> 1 | C24: =IF(預測IC!C24>預測IC!C$25,1,0) -> 1 | D24: =IF(預測IC!D24>預測IC!D$25,1,0) -> 1 | E24: =IF(預測IC!E24>預測IC!E$25,1,0) -> 1 | F24: =IF(預測IC!F24>預測IC!F$25,1,0) -> 1 | G24: =IF(預測IC!G24>預測IC!G$25,1,0) -> 0 | H24: =IF(預測IC!H24>預測IC!H$25,1,0) -> 0 | I24: =IF(預測IC!I24>預測IC!I$25,1,0) -> 1 | J24: =IF(預測IC!J24>預測IC!J$25,1,0) -> 0 | ... EL24: =IF(預測IC!EL24>預測IC!EL$25,1,0) -> 0 | EM24: =SUM(C24:EL24) -> 77 | EN24: =EM24/140 -> 0.55

Sheet 累積報酬
A1: Real
B2: Time | C2: 2013/12 | D2: 2014/01 | E2: 2014/02 | F2: 2014/03 | G2: 2014/04 | H2: 2014/05 | I2: 2014/06 | J2: 2014/07 | K2: 2014/08 | L2: 2014/09 | M2: 2014/10 | N2: 2014/11 | O2: 2014/12 | P2: 2015/01 | Q2: 2015/02 | R2: 2015/03 | S2: 2015/04 | T2: 2015/05 | U2: 2015/06 | V2: 2015/07 | W2: 2015/08 | X2: 2015/09 | Y2: 2015/10 | Z2: 2015/11 | AA2: 2015/12 | AB2: 2016/01 | AC2: 2016/02 | AD2: 2016/03 | AE2: 2016/04 | AF2: 2016/05 | AG2: 2016/06 | AH2: 2016/07 | AI2: 2016/08 | AJ2: 2016/09 | AK2: 2016/10 | AL2: 2016/11 | AM2: 2016/12 | AN2: 2017/01 | AO2: 2017/02 | AP2: 2017/03 | AQ2: 2017/04 | AR2: 2017/05 | AS2: 2017/06 | AT2: 2017/07 | AU2: 2017/08 | AV2: 2017/09 | AW2: 2017/10 | AX2: 2017/11 | AY2: 2017/12 | AZ2: 2018/01 | BA2: 2018/02 | BB2: 2018/03 | BC2: 2018/04 | BD2: 2018/05 | BE2: 2018/06 | BF2: 2018/07 | BG2: 2018/08 | BH2: 2018/09 | BI2: 2018/10 | BJ2: 2018/11 | BK2: 2018/12 | BL2: 2019/01 | BM2: 2019/02 | BN2: 2019/03 | BO2: 2019/04 | BP2: 2019/05 | BQ2: 2019/06 | BR2: 2019/07 | BS2: 2019/08 | BT2: 2019/09 | BU2: 2019/10 | BV2: 2019/11 | BW2: 2019/12 | BX2: 2020/01 | BY2: 2020/02 | BZ2: 2020/03 | CA2: 2020/04 | CB2: 2020/05 | CC2: 2020/06 | CD2: 2020/07 | CE2: 2020/08 | CF2: 2020/09 | CG2: 2020/10 | CH2: 2020/11 | CI2: 2020/12 | CJ2: 2021/01 | CK2: 2021/02 | CL2: 2021/03 | CM2: 2021/04 | CN2: 2021/05 | CO2: 2021/06 | CP2: 2021/07 | CQ2: 2021/08 | CR2: 2021/09 | CS2: 2021/10 | CT2: 2021/11 | CU2: 2021/12 | CV2: 2022/01 | CW2: 2022/02 | CX2: 2022/03 | CY2: 2022/04 | CZ2: 2022/05 | DA2: 2022/06 | DB2: 2022/07 | DC2: 2022/08 | DD2: 2022/09 | DE2: 2022/10 | DF2: 2022/11 | DG2: 2022/12 | DH2: 2023/01 | DI2: 2023/02 | DJ2: 2023/03 | DK2: 2023/04 | DL2: 2023/05 | DM2: 2023/06 | DN2: 2023/07 | DO2: 2023/08 | DP2: 2023/09 | DQ2: 2023/10 | DR2: 2023/11 | DS2: 2023/12 | DT2: 2024/01 | DU2: 2024/02 | DV2: 2024/03 | DW2: 2024/04 | DX2: 2024/05 | DY2: 2024/06 | DZ2: 2024/07 | EA2: 2024/08 | EB2: 2024/09 | EC2: 2024/10 | ED2: 2024/11 | EE2: 2024/12 | EF2: 2025/01 | EG2: 2025/02 | EH2: 2025/03 | EI2: 2025/04 | EJ2: 2025/05 | EK2: 2025/06 | EL2: 2025/07
B3: bm | C3: 0.11254353 | D3: 0.034097093 | E3: -0.034092261 | F3: -0.016058652 | G3: -0.0032385096 | H3: 0.037901102 | I3: 0.19658042 | J3: 0.123748 | K3: -0.0034480581 | L3: 0.056295168 | M3: -0.033270601 | N3: 0.13532466 | O3: 0.02969531 | P3: -0.075919536 | Q3: -0.062747606 | R3: 0.034334773 | S3: -0.11448918 | T3: -0.128411 | U3: -0.01815403 | V3: 0.097284226 | W3: 0.06448606 | X3: 0.1327038 | Y3: -0.14506291 | Z3: 0.15983802 | AA3: -0.079439674 | AB3: 0.065463771 | AC3: 0.10841757 | AD3: 0.035162094 | AE3: -0.13259397 | AF3: 0.079167282 | AG3: 0.1474472 | AH3: 0.10818108 | AI3: 0.031505046 | AJ3: 0.068324574 | AK3: 0.13938042 | AL3: 0.0015927447 | AM3: 0.11699323 | AN3: 0.18348806 | AO3: -0.013624633 | AP3: -0.10636754 | AQ3: -0.026929215 | AR3: 0.042036531 | AS3: 0.018696587 | AT3: 0.050640506 | AU3: 0.060413159 | AV3: -0.049074617 | AW3: 0.041357509 | AX3: 0.1327231 | AY3: 0.05462578 | AZ3: 0.015696796 | BA3: 0.012690345 | BB3: 0.10435302 | BC3: 0.027796633 | BD3: 0.015784322 | BE3: 0.053739938 | BF3: 0.15375844 | BG3: 0.14726982 | BH3: 0.058771535 | BI3: 0.089685564 | BJ3: -0.041235808 | BK3: -0.085734728 | BL3: 0.06541404 | BM3: -0.031368353 | BN3: 0.035359622 | BO3: 0.077704285 | BP3: -0.014539108 | BQ3: 0.054478665 | BR3: -0.011979953 | BS3: 0.061686425 | BT3: 0.017609737 | BU3: 0.001762998 | BV3: 0.079901428 | BW3: -0.026106377 | BX3: 0.022152374 | BY3: -0.070677725 | BZ3: 0.10127162 | CA3: -0.11166328 | CB3: 0.021342222 | CC3: -0.0047361279 | CD3: 0.17955101 | CE3: 0.061307643 | CF3: 0.091604774 | CG3: 0.097692005 | CH3: 0.15714712 | CI3: -0.088647186 | CJ3: -0.014935576 | CK3: 0.038208336 | CL3: 0.31725854 | CM3: -0.04994997 | CN3: -0.038447027 | CO3: 0.00071081192 | CP3: 0.14471258 | CQ3: 0.14928899 | CR3: -0.039801054 | CS3: -0.046545919 | CT3: 0.034133664 | CU3: 0.12875406 | CV3: 0.031635368 | CW3: 0.041194563 | CX3: 0.16319544 | CY3: -0.043115028 | CZ3: 0.22006844 | DA3: -0.04142373 | DB3: -0.011737974 | DC3: 0.10777107 | DD3: 0.067224014 | DE3: -0.040137128 | DF3: 0.036396903 | DG3: -0.098061051 | DH3: -0.012045848 | DI3: -0.089410575 | DJ3: 0.054992879 | DK3: -0.057186589 | DL3: -0.029284301 | DM3: -0.031402929 | DN3: 0.084413623 | DO3: 0.048170818 | DP3: 0.090346423 | DQ3: -0.11867639 | DR3: 0.11050757 | DS3: -0.073814619 | DT3: -0.10633883 | DU3: 0.0096230219 | DV3: 0.14417122 | DW3: 0.085312212 | DX3: -0.11038018 | DY3: 0.12870772 | DZ3: -0.053270106 | EA3: 0.17325686 | EB3: 0.012264442 | EC3: 0.077320493 | ED3: -0.16510374 | EE3: 0.077592443 | EF3: 0.056688315 | EG3: 0.1757144 | EH3: -0.050736759 | EI3: -0.032979675 | EJ3: -0.1750733 | EK3: 0.075703333 | EL3: -0.11145874
B4: size | C4: -0.26567505 | D4: -0.26274582 | E4: -0.078695496 | F4: 0.065706805 | G4: -0.059999729 | H4: -0.090782629 | I4: -0.029543457 | J4: 0.06875609 | K4: -0.045430805 | L4: 0.092349485 | M4: 0.0055332373 | N4: -0.20262956 | O4: -0.055439189 | P4: 0.063019438 | Q4: -0.051127471 | R4: -0.0026369264 | S4: 0.11737044 | T4: 0.028121058 | U4: 0.024399698 | V4: 0.0024693189 | W4: -0.12931199 | X4: -0.078183592 | Y4: -0.016789063 | Z4: -0.021755872 | AA4: 0.056064772 | AB4: -0.026152478 | AC4: -0.070545451 | AD4: -0.046059359 | AE4: 0.13302405 | AF4: -0.089277754 | AG4: -0.059320758 | AH4: -0.055248054 | AI4: -0.03443289 | AJ4: -0.0010118202 | AK4: 0.010080194 | AL4: -0.11988371 | AM4: -0.0052132143 | AN4: -0.10834391 | AO4: -0.058361176 | AP4: 0.010829655 | AQ4: 0.0091678033 | AR4: 0.094714182 | AS4: -0.024402385 | AT4: 0.0020132029 | AU4: -0.16715058 | AV4: 0.033972262 | AW4: -0.016836938 | AX4: -0.034706448 | AY4: 0.0051832253 | AZ4: -0.11973657 | BA4: -0.13521273 | BB4: 0.016982 | BC4: 0.023074368 | BD4: -0.11999454 | BE4: 0.12932848 | BF4: 0.016709915 | BG4: -0.022306747 | BH4: 0.039303081 | BI4: -0.10048888 | BJ4: -0.10199028 | BK4: 0.099875651 | BL4: -0.032934037 | BM4: 0.0262875 | BN4: 0.10734549 | BO4: -0.025606337 | BP4: 0.12241177 | BQ4: -0.045440179 | BR4: -0.071268977 | BS4: -0.068098859 | BT4: 0.092203282 | BU4: 0.082899618 | BV4: -0.041301127 | BW4: -0.099351182 | BX4: -0.038144887 | BY4: 0.11248742 | BZ4: -0.037880283 | CA4: -0.091542003 | CB4: -0.12463256 | CC4: -0.061699946 | CD4: -0.075868372 | CE4: -0.22128938 | CF4: 0.0086756078 | CG4: 0.031786264 | CH4: -0.037814116 | CI4: 0.049549068 | CJ4: -0.010429677 | CK4: -0.083344347 | CL4: -0.053422112 | CM4: 0.19037761 | CN4: 0.058217829 | CO4: -0.14266652 | CP4: 0.041776779 | CQ4: -0.16944775 | CR4: -0.084810245 | CS4: -0.03477087 | CT4: -0.11929695 | CU4: -0.017795179 | CV4: -0.014834128 | CW4: -0.046319066 | CX4: -0.09663469 | CY4: -0.078834385 | CZ4: -0.21252635 | DA4: -0.11368552 | DB4: -0.1831019 | DC4: -0.042499865 | DD4: 0.027817596 | DE4: 0.068607937 | DF4: -0.13309486 | DG4: 0.22249787 | DH4: -0.13075878 | DI4: -0.10969183 | DJ4: -0.11047372 | DK4: 0.085555392 | DL4: -0.037902764 | DM4: 0.083550635 | DN4: -0.055064654 | DO4: -0.091404376 | DP4: -0.14635791 | DQ4: 0.07258441 | DR4: -0.036982983 | DS4: -0.15848873 | DT4: -0.076734871 | DU4: 0.1465233 | DV4: 0.0092142529 | DW4: -0.12809453 | DX4: -0.057788778 | DY4: -0.10353071 | DZ4: -0.053247234 | EA4: -0.11101122 | EB4: -0.057337042 | EC4: 0.053167127 | ED4: 0.055871006 | EE4: 0.15335804 | EF4: -0.11423136 | EG4: -0.044005617 | EH4: 0.017544152 | EI4: 0.086430773 | EJ4: 0.13519055 | EK4: 0.12749822 | EL4: -0.030403121
B5: mom | C5: -0.024114963 | D5: 0.1401006 | E5: -0.0054828677 | F5: -0.04806796 | G5: 0.098556491 | H5: 0.0040265399 | I5: -0.054392917 | J5: -0.00078467923 | K5: 0.03198565 | L5: -0.0052053083 | M5: 0.083785175 | N5: -0.056914478 | O5: 0.06851042 | P5: 0.028609346 | Q5: 0.066853829 | R5: -0.0022018586 | S5: 0.13430089 | T5: 0.13091808 | U5: 0.013133991 | V5: 0.026183164 | W5: -0.094297429 | X5: -0.30132339 | Y5: 0.10842895 | Z5: -0.14174493 | AA5: 0.11702124 | AB5: -0.022180044 | AC5: -0.086460961 | AD5: 0.021464874 | AE5: 0.15421824 | AF5: -0.14648945 | AG5: -0.047015552 | AH5: 0.019690199 | AI5: 0.039309116 | AJ5: -0.026623525 | AK5: -0.025125102 | AL5: -0.10344397 | AM5: 0.06190072 | AN5: 0.076731055 | AO5: 0.098982723 | AP5: 0.054076693 | AQ5: -0.030251892 | AR5: 0.00044910599 | AS5: 0.070194262 | AT5: 0.17429282 | AU5: -0.081385666 | AV5: 0.15075612 | AW5: 0.057401718 | AX5: -0.15692285 | AY5: 0.047095412 | AZ5: -0.057117988 | BA5: -0.022411435 | BB5: -0.15274623 | BC5: 0.022968193 | BD5: 0.0010412666 | BE5: -0.13310703 | BF5: -0.19610968 | BG5: -0.18881309 | BH5: -0.10071704 | BI5: -0.12578122 | BJ5: -0.010946697 | BK5: -0.061548923 | BL5: -0.15045858 | BM5: 0.12760274 | BN5: -0.017866803 | BO5: -0.025323955 | BP5: 0.040051232 | BQ5: -0.042262606 | BR5: 0.17888215 | BS5: -0.099129045 | BT5: 0.040560012 | BU5: 0.063241856 | BV5: -0.096181909 | BW5: -0.13606285 | BX5: -0.0050219314 | BY5: 0.11233989 | BZ5: 0.034223088 | CA5: 0.070051209 | CB5: 0.023662883 | CC5: 0.093938184 | CD5: -0.029913967 | CE5: -0.10685236 | CF5: -0.058583352 | CG5: -0.1185641 | CH5: -0.047815465 | CI5: -0.061561116 | CJ5: 0.22741941 | CK5: 0.1332388 | CL5: 0.040261514 | CM5: -0.073899374 | CN5: 0.24689459 | CO5: -0.10444084 | CP5: -0.017008494 | CQ5: -0.20843471 | CR5: -0.083953984 | CS5: 0.08662128 | CT5: -0.02628501 | CU5: -0.29981484 | CV5: 0.24030007 | CW5: 0.09157936 | CX5: -0.099166296 | CY5: 0.10766172 | CZ5: -0.054245194 | DA5: 0.08253219 | DB5: 0.13651007 | DC5: -0.013925396 | DD5: -0.13979564 | DE5: -0.09411437 | DF5: 0.052829966 | DG5: -0.19928626 | DH5: 0.10213914 | DI5: 0.037772798 | DJ5: 0.065447994 | DK5: 0.059654622 | DL5: 0.095335574 | DM5: 0.040485912 | DN5: 0.0034939953 | DO5: -0.10610844 | DP5: -0.24479189 | DQ5: 0.21383696 | DR5: 0.010889666 | DS5: 0.13411936 | DT5: 0.12417191 | DU5: 0.078095889 | DV5: -0.053915428 | DW5: -0.023828252 | DX5: 0.066514734 | DY5: 0.019361307 | DZ5: 0.018750008 | EA5: -0.28354334 | EB5: -0.13389241 | EC5: -0.022714427 | ED5: 0.044607042 | EE5: -0.129061 | EF5: -0.065742552 | EG5: -0.11722283 | EH5: -0.026547499 | EI5: -0.033015556 | EJ5: 0.045977173 | EK5: -0.069235534 | EL5: 0.014684336
A6: 絕對值最大 | C6: {=MATCH(MAX(ABS(C3:C5)), ABS(C3:C5), 0)} -> 2 | D6: {=MATCH(MAX(ABS(D3:D5)), ABS(D3:D5), 0)} -> 2 | E6: {=MATCH(MAX(ABS(E3:E5)), ABS(E3:E5), 0)} -> 2 | F6: {=MATCH(MAX(ABS(F3:F5)), ABS(F3:F5), 0)} -> 2 | G6: {=MATCH(MAX(ABS(G3:G5)), ABS(G3:G5), 0)} -> 3 | H6: {=MATCH(MAX(ABS(H3:H5)), ABS(H3:H5), 0)} -> 2 | I6: {=MATCH(MAX(ABS(I3:I5)), ABS(I3:I5), 0)} -> 1 | J6: {=MATCH(MAX(ABS(J3:J5)), ABS(J3:J5), 0)} -> 1 | ... EL6: {=MATCH(MAX(ABS(EL3:EL5)), ABS(EL3:EL5), 0)} -> 1
C7: =IF(C6=1,"bm",IF(C6=2,"size",IF(C6=3,"mom"))) -> size | D7: =IF(D6=1,"bm",IF(D6=2,"size",IF(D6=3,"mom"))) -> size | E7: =IF(E6=1,"bm",IF(E6=2,"size",IF(E6=3,"mom"))) -> size | F7: =IF(F6=1,"bm",IF(F6=2,"size",IF(F6=3,"mom"))) -> size | G7: =IF(G6=1,"bm",IF(G6=2,"size",IF(G6=3,"mom"))) -> mom | H7: =IF(H6=1,"bm",IF(H6=2,"size",IF(H6=3,"mom"))) -> size | I7: =IF(I6=1,"bm",IF(I6=2,"size",IF(I6=3,"mom"))) -> bm | J7: =IF(J6=1,"bm",IF(J6=2,"size",IF(J6=3,"mom"))) -> bm | ... EL7: =IF(EL6=1,"bm",IF(EL6=2,"size",IF(EL6=3,"mom"))) -> bm
C8: =IF(C6=1,C3,IF(C6=2,C4,IF(C6=3,C5))) -> -0.26567505 | D8: =IF(D6=1,D3,IF(D6=2,D4,IF(D6=3,D5))) -> -0.26274582 | E8: =IF(E6=1,E3,IF(E6=2,E4,IF(E6=3,E5))) -> -0.078695496 | F8: =IF(F6=1,F3,IF(F6=2,F4,IF(F6=3,F5))) -> 0.065706805 | G8: =IF(G6=1,G3,IF(G6=2,G4,IF(G6=3,G5))) -> 0.098556491 | H8: =IF(H6=1,H3,IF(H6=2,H4,IF(H6=3,H5))) -> -0.090782629 | I8: =IF(I6=1,I3,IF(I6=2,I4,IF(I6=3,I5))) -> 0.19658042 | J8: =IF(J6=1,J3,IF(J6=2,J4,IF(J6=3,J5))) -> 0.123748 | ... EL8: =IF(EL6=1,EL3,IF(EL6=2,EL4,IF(EL6=3,EL5))) -> -0.11145874
A10: 投資組合 | C10: 公司數 | D10: 1051
A11: 等分 | B11: 家數 | C11: 2013/12 | D11: 2014/01 | E11: 2014/02 | F11: 2014/03 | G11: 2014/04 | H11: 2014/05 | I11: 2014/06 | J11: 2014/07 | K11: 2014/08 | L11: 2014/09 | M11: 2014/10 | N11: 2014/11 | O11: 2014/12 | P11: 2015/01 | Q11: 2015/02 | R11: 2015/03 | S11: 2015/04 | T11: 2015/05 | U11: 2015/06 | V11: 2015/07 | W11: 2015/08 | X11: 2015/09 | Y11: 2015/10 | Z11: 2015/11 | AA11: 2015/12 | AB11: 2016/01 | AC11: 2016/02 | AD11: 2016/03 | AE11: 2016/04 | AF11: 2016/05 | AG11: 2016/06 | AH11: 2016/07 | AI11: 2016/08 | AJ11: 2016/09 | AK11: 2016/10 | AL11: 2016/11 | AM11: 2016/12 | AN11: 2017/01 | AO11: 2017/02 | AP11: 2017/03 | AQ11: 2017/04 | AR11: 2017/05 | AS11: 2017/06 | AT11: 2017/07 | AU11: 2017/08 | AV11: 2017/09 | AW11: 2017/10 | AX11: 2017/11 | AY11: 2017/12 | AZ11: 2018/01 | BA11: 2018/02 | BB11: 2018/03 | BC11: 2018/04 | BD11: 2018/05 | BE11: 2018/06 | BF11: 2018/07 | BG11: 2018/08 | BH11: 2018/09 | BI11: 2018/10 | BJ11: 2018/11 | BK11: 2018/12 | BL11: 2019/01 | BM11: 2019/02 | BN11: 2019/03 | BO11: 2019/04 | BP11: 2019/05 | BQ11: 2019/06 | BR11: 2019/07 | BS11: 2019/08 | BT11: 2019/09 | BU11: 2019/10 | BV11: 2019/11 | BW11: 2019/12 | BX11: 2020/01 | BY11: 2020/02 | BZ11: 2020/03 | CA11: 2020/04 | CB11: 2020/05 | CC11: 2020/06 | CD11: 2020/07 | CE11: 2020/08 | CF11: 2020/09 | CG11: 2020/10 | CH11: 2020/11 | CI11: 2020/12 | CJ11: 2021/01 | CK11: 2021/02 | CL11: 2021/03 | CM11: 2021/04 | CN11: 2021/05 | CO11: 2021/06 | CP11: 2021/07 | CQ11: 2021/08 | CR11: 2021/09 | CS11: 2021/10 | CT11: 2021/11 | CU11: 2021/12 | CV11: 2022/01 | CW11: 2022/02 | CX11: 2022/03 | CY11: 2022/04 | CZ11: 2022/05 | DA11: 2022/06 | DB11: 2022/07 | DC11: 2022/08 | DD11: 2022/09 | DE11: 2022/10 | DF11: 2022/11 | DG11: 2022/12 | DH11: 2023/01 | DI11: 2023/02 | DJ11: 2023/03 | DK11: 2023/04 | DL11: 2023/05 | DM11: 2023/06 | DN11: 2023/07 | DO11: 2023/08 | DP11: 2023/09 | DQ11: 2023/10 | DR11: 2023/11 | DS11: 2023/12 | DT11: 2024/01 | DU11: 2024/02 | DV11: 2024/03 | DW11: 2024/04 | DX11: 2024/05 | DY11: 2024/06 | DZ11: 2024/07 | EA11: 2024/08 | EB11: 2024/09 | EC11: 2024/10 | ED11: 2024/11 | EE11: 2024/12 | EF11: 2025/01 | EG11: 2025/02 | EH11: 2025/03 | EI11: 2025/04 | EJ11: 2025/05 | EK11: 2025/06 | EL11: 2025/07
A12: 10 | B12: =ROUND($D$10/A12,0) -> 105 | C12: 0.0080850794 | D12: =C12+預測IC!D12 -> 0.11090888 | E12: =D12+預測IC!E12 -> 0.11784501 | F12: =E12+預測IC!F12 -> 0.092289106 | G12: =F12+預測IC!G12 -> 0.059516346 | H12: =G12+預測IC!H12 -> 0.067227369 | I12: =H12+預測IC!I12 -> 0.020615405 | J12: =I12+預測IC!J12 -> 0.077297064 | K12: =J12+預測IC!K12 -> 0.08527548 | ... EL12: =EK12+預測IC!EL12 -> 0.64519126
A13: 20 | B13: =ROUND($D$10/A13,0) -> 53 | C13: -0.029504595 | D13: =C13+預測IC!D13 -> 0.054000687 | E13: =D13+預測IC!E13 -> 0.056779545 | F13: =E13+預測IC!F13 -> 0.033822185 | G13: =F13+預測IC!G13 -> 0.017037961 | H13: =G13+預測IC!H13 -> 0.025415905 | I13: =H13+預測IC!I13 -> -0.024020197 | J13: =I13+預測IC!J13 -> 0.035969519 | K13: =J13+預測IC!K13 -> 0.071907464 | ... EL13: =EK13+預測IC!EL13 -> 1.0559499
A14: 50 | B14: =ROUND($D$10/A14,0) -> 21 | C14: -0.056853264 | D14: =C14+預測IC!D14 -> 0.058959535 | E14: =D14+預測IC!E14 -> 0.03227402 | F14: =E14+預測IC!F14 -> 0.052245904 | G14: =F14+預測IC!G14 -> -0.022839467 | H14: =G14+預測IC!H14 -> -0.015783773 | I14: =H14+預測IC!I14 -> -0.098097363 | J14: =I14+預測IC!J14 -> -0.034006215 | K14: =J14+預測IC!K14 -> -0.032374061 | ... EL14: =EK14+預測IC!EL14 -> 1.0898972
A15: 110 | B15: =ROUND($D$10/A15,0) -> 10 | C15: -0.095037536 | D15: =C15+預測IC!D15 -> 0.078751377 | E15: =D15+預測IC!E15 -> 0.042273082 | F15: =E15+預測IC!F15 -> 0.11469734 | G15: =F15+預測IC!G15 -> 0.11216156 | H15: =G15+預測IC!H15 -> 0.12849896 | I15: =H15+預測IC!I15 -> 0.00020258009 | J15: =I15+預測IC!J15 -> 0.13556124 | K15: =J15+預測IC!K15 -> 0.18141734 | ... EL15: =EK15+預測IC!EL15 -> 1.1590919
A16: 120 | B16: =ROUND($D$10/A16,0) -> 9 | C16: -0.097168038 | D16: =C16+預測IC!D16 -> 0.087090471 | E16: =D16+預測IC!E16 -> 0.08834511 | F16: =E16+預測IC!F16 -> 0.18989022 | G16: =F16+預測IC!G16 -> 0.10154184 | H16: =G16+預測IC!H16 -> 0.12740418 | I16: =H16+預測IC!I16 -> -0.011224172 | J16: =I16+預測IC!J16 -> 0.1386366 | K16: =J16+預測IC!K16 -> 0.17414902 | ... EL16: =EK16+預測IC!EL16 -> 1.3762449
A17: 130 | B17: =ROUND($D$10/A17,0) -> 8 | C17: -0.10848542 | D17: =C17+預測IC!D17 -> 0.072845875 | E17: =D17+預測IC!E17 -> 0.05850827 | F17: =E17+預測IC!F17 -> 0.20155292 | G17: =F17+預測IC!G17 -> 0.11277124 | H17: =G17+預測IC!H17 -> 0.14146797 | I17: =H17+預測IC!I17 -> -0.012300449 | J17: =I17+預測IC!J17 -> 0.14734056 | K17: =J17+預測IC!K17 -> 0.19369261 | ... EL17: =EK17+預測IC!EL17 -> 1.6572181
A18: 150 | B18: =ROUND($D$10/A18,0) -> 7 | C18: -0.052643586 | D18: =C18+預測IC!D18 -> 0.14663917 | E18: =D18+預測IC!E18 -> 0.15968775 | F18: =E18+預測IC!F18 -> 0.31767084 | G18: =F18+預測IC!G18 -> 0.24218017 | H18: =G18+預測IC!H18 -> 0.26109817 | I18: =H18+預測IC!I18 -> 0.1128866 | J18: =I18+預測IC!J18 -> 0.30608622 | K18: =J18+預測IC!K18 -> 0.3676413 | ... EL18: =EK18+預測IC!EL18 -> 1.8749024
A19: 180 | B19: =ROUND($D$10/A19,0) -> 6 | C19: -0.063862071 | D19: =C19+預測IC!D19 -> 0.14430565 | E19: =D19+預測IC!E19 -> 0.20132492 | F19: =E19+預測IC!F19 -> 0.33705485 | G19: =F19+預測IC!G19 -> 0.22424102 | H19: =G19+預測IC!H19 -> 0.26037467 | I19: =H19+預測IC!I19 -> 0.077241679 | J19: =I19+預測IC!J19 -> 0.28329698 | K19: =J19+預測IC!K19 -> 0.41166012 | ... EL19: =EK19+預測IC!EL19 -> 2.0395546
A20: 200 | B20: =ROUND($D$10/A20,0) -> 5 | C20: -0.077247532 | D20: =C20+預測IC!D20 -> 0.14670523 | E20: =D20+預測IC!E20 -> 0.21502584 | F20: =E20+預測IC!F20 -> 0.379027 | G20: =F20+預測IC!G20 -> 0.24575983 | H20: =G20+預測IC!H20 -> 0.26322171 | I20: =H20+預測IC!I20 -> 0.048993209 | J20: =I20+預測IC!J20 -> 0.27799895 | K20: =J20+預測IC!K20 -> 0.38700625 | ... EL20: =EK20+預測IC!EL20 -> 1.8747431
A21: 256 | B21: =ROUND($D$10/A21,0) -> 4 | C21: 0.011902073 | D21: =C21+預測IC!D21 -> 0.1991504 | E21: =D21+預測IC!E21 -> 0.18953454 | F21: =E21+預測IC!F21 -> 0.37357312 | G21: =F21+預測IC!G21 -> 0.31111752 | H21: =G21+預測IC!H21 -> 0.25817246 | I21: =H21+預測IC!I21 -> 0.04081818 | J21: =I21+預測IC!J21 -> 0.32585358 | K21: =J21+預測IC!K21 -> 0.38223941 | ... EL21: =EK21+預測IC!EL21 -> 1.8967551
A22: 400 | B22: =ROUND($D$10/A22,0) -> 3 | C22: 0.010830893 | D22: =C22+預測IC!D22 -> 0.047404616 | E22: =D22+預測IC!E22 -> 0.025174204 | F22: =E22+預測IC!F22 -> 0.093005264 | G22: =F22+預測IC!G22 -> -0.010879099 | H22: =G22+預測IC!H22 -> -0.24068464 | I22: =H22+預測IC!I22 -> -0.4576427 | J22: =I22+預測IC!J22 -> -0.081549232 | K22: =J22+預測IC!K22 -> 0.019111913 | ... EL22: =EK22+預測IC!EL22 -> 0.62011095
A23: 512 | B23: =ROUND($D$10/A23,0) -> 2 | C23: 0.031325685 | D23: =C23+預測IC!D23 -> 0.056898423 | E23: =D23+預測IC!E23 -> 0.041836835 | F23: =E23+預測IC!F23 -> 0.22423291 | G23: =F23+預測IC!G23 -> 0.25120448 | H23: =G23+預測IC!H23 -> -0.011605762 | I23: =H23+預測IC!I23 -> -0.15975779 | J23: =I23+預測IC!J23 -> -0.047722439 | K23: =J23+預測IC!K23 -> 0.093760276 | ... EL23: =EK23+預測IC!EL23 -> 2.4687951
A24: 1051 | B24: =ROUND($D$10/A24,0) -> 1 | C24: 0.027766967 | D24: =C24+預測IC!D24 -> 0.12837688 | E24: =D24+預測IC!E24 -> 0.21025721 | F24: =E24+預測IC!F24 -> 0.41180293 | G24: =F24+預測IC!G24 -> 0.43442532 | H24: =G24+預測IC!H24 -> 0.083603131 | I24: =H24+預測IC!I24 -> 0.085715064 | J24: =I24+預測IC!J24 -> 0.031412908 | K24: =J24+預測IC!K24 -> 0.081857244 | ... EL24: =EK24+預測IC!EL24 -> -0.80797516
A25: 大盤 | B25: TWII | C25: -0.017446771 | D25: =C25+預測IC!D25 -> 0.00325429 | E25: =D25+預測IC!E25 -> 0.027236419 | F25: =E25+預測IC!F25 -> 0.02067884 | G25: =F25+預測IC!G25 -> 0.05252397 | H25: =G25+預測IC!H25 -> 0.086872503 | I25: =H25+預測IC!I25 -> 0.07861757 | J25: =I25+預測IC!J25 -> 0.091461094 | K25: =J25+預測IC!K25 -> 0.04044257 | ... EL25: =EK25+預測IC!EL25 -> 1.0346198

Sheet R-square
A1: OLS
B2: Time | C2: 2013/12 | D2: 2014/01 | E2: 2014/02 | F2: 2014/03 | G2: 2014/04 | H2: 2014/05 | I2: 2014/06 | J2: 2014/07 | K2: 2014/08 | L2: 2014/09 | M2: 2014/10 | N2: 2014/11 | O2: 2014/12 | P2: 2015/01 | Q2: 2015/02 | R2: 2015/03 | S2: 2015/04 | T2: 2015/05 | U2: 2015/06 | V2: 2015/07 | W2: 2015/08 | X2: 2015/09 | Y2: 2015/10 | Z2: 2015/11 | AA2: 2015/12 | AB2: 2016/01 | AC2: 2016/02 | AD2: 2016/03 | AE2: 2016/04 | AF2: 2016/05 | AG2: 2016/06 | AH2: 2016/07 | AI2: 2016/08 | AJ2: 2016/09 | AK2: 2016/10 | AL2: 2016/11 | AM2: 2016/12 | AN2: 2017/01 | AO2: 2017/02 | AP2: 2017/03 | AQ2: 2017/04 | AR2: 2017/05 | AS2: 2017/06 | AT2: 2017/07 | AU2: 2017/08 | AV2: 2017/09 | AW2: 2017/10 | AX2: 2017/11 | AY2: 2017/12 | AZ2: 2018/01 | BA2: 2018/02 | BB2: 2018/03 | BC2: 2018/04 | BD2: 2018/05 | BE2: 2018/06 | BF2: 2018/07 | BG2: 2018/08 | BH2: 2018/09 | BI2: 2018/10 | BJ2: 2018/11 | BK2: 2018/12 | BL2: 2019/01 | BM2: 2019/02 | BN2: 2019/03 | BO2: 2019/04 | BP2: 2019/05 | BQ2: 2019/06 | BR2: 2019/07 | BS2: 2019/08 | BT2: 2019/09 | BU2: 2019/10 | BV2: 2019/11 | BW2: 2019/12 | BX2: 2020/01 | BY2: 2020/02 | BZ2: 2020/03 | CA2: 2020/04 | CB2: 2020/05 | CC2: 2020/06 | CD2: 2020/07 | CE2: 2020/08 | CF2: 2020/09 | CG2: 2020/10 | CH2: 2020/11 | CI2: 2020/12 | CJ2: 2021/01 | CK2: 2021/02 | CL2: 2021/03 | CM2: 2021/04 | CN2: 2021/05 | CO2: 2021/06 | CP2: 2021/07 | CQ2: 2021/08 | CR2: 2021/09 | CS2: 2021/10 | CT2: 2021/11 | CU2: 2021/12 | CV2: 2022/01 | CW2: 2022/02 | CX2: 2022/03 | CY2: 2022/04 | CZ2: 2022/05 | DA2: 2022/06 | DB2: 2022/07 | DC2: 2022/08 | DD2: 2022/09 | DE2: 2022/10 | DF2: 2022/11 | DG2: 2022/12 | DH2: 2023/01 | DI2: 2023/02 | DJ2: 2023/03 | DK2: 2023/04 | DL2: 2023/05 | DM2: 2023/06 | DN2: 2023/07 | DO2: 2023/08 | DP2: 2023/09 | DQ2: 2023/10 | DR2: 2023/11 | DS2: 2023/12 | DT2: 2024/01 | DU2: 2024/02 | DV2: 2024/03 | DW2: 2024/04 | DX2: 2024/05 | DY2: 2024/06 | DZ2: 2024/07 | EA2: 2024/08 | EB2: 2024/09 | EC2: 2024/10 | ED2: 2024/11 | EE2: 2024/12 | EF2: 2025/01 | EG2: 2025/02 | EH2: 2025/03 | EI2: 2025/04 | EJ2: 2025/05 | EK2: 2025/06 | EL2: 2025/07
B3: bm | C3: 0.014921768 | D3: 0.19374056 | E3: 0.036641285 | F3: 0.027200378 | G3: 0.04157251 | H3: -0.037682778 | I3: -0.14193848 | J3: 0.22945654 | K3: 0.043442237 | L3: 0.020280323 | M3: 0.058836121 | N3: -0.15172078 | O3: 0.32674605 | P3: 0.15440774 | Q3: -0.10779532 | R3: -0.073882179 | S3: 0.053466578 | T3: -0.055190803 | U3: -0.25838402 | V3: 0.018370553 | W3: 0.22943516 | X3: -0.17107395 | Y3: 0.22961919 | Z3: 0.016609176 | AA3: 0.42374789 | AB3: -0.21459678 | AC3: 0.044537468 | AD3: 0.1026364 | AE3: -0.0508277 | AF3: -0.089107468 | AG3: 0.12223872 | AH3: -0.11260452 | AI3: 0.13141393 | AJ3: 0.16749207 | AK3: 0.090663365 | AL3: 0.19313854 | AM3: 0.077111194 | AN3: 0.25612014 | AO3: 0.049003918 | AP3: 0.040886892 | AQ3: -0.11058243 | AR3: 0.022954756 | AS3: 0.048656704 | AT3: -0.054229837 | AU3: 0.08631682 | AV3: 0.039564967 | AW3: -0.19104491 | AX3: 0.09710944 | AY3: -0.019067526 | AZ3: -0.09116936 | BA3: 0.16595814 | BB3: -0.041157026 | BC3: 0.13020995 | BD3: 0.20026039 | BE3: -0.10617652 | BF3: 0.0039767283 | BG3: 0.33032254 | BH3: 0.31722693 | BI3: 0.015898229 | BJ3: 0.085118054 | BK3: 0.085442583 | BL3: 0.060053602 | BM3: 0.077486633 | BN3: 0.061035782 | BO3: -0.21386733 | BP3: 0.18539731 | BQ3: -0.054154026 | BR3: 0.28168982 | BS3: -0.023481657 | BT3: 0.089034675 | BU3: 0.12734099 | BV3: 0.019220334 | BW3: 0.06654711 | BX3: -0.10968389 | BY3: 0.13853337 | BZ3: -0.10485789 | CA3: -0.050171625 | CB3: -0.070239616 | CC3: -0.0060243315 | CD3: 0.15997201 | CE3: 0.21131662 | CF3: -0.10098227 | CG3: 0.10999023 | CH3: -0.014392635 | CI3: 0.22258294 | CJ3: -0.28268221 | CK3: -0.013478474 | CL3: -0.077844883 | CM3: 0.27379286 | CN3: -0.39000662 | CO3: -0.15858239 | CP3: -0.022486871 | CQ3: 0.15587954 | CR3: 0.081444486 | CS3: -0.074204537 | CT3: -0.09237128 | CU3: -0.04371403 | CV3: 0.029888249 | CW3: 0.089064661 | CX3: -0.024617034 | CY3: 0.070863408 | CZ3: 0.040860065 | DA3: 0.25668575 | DB3: -0.16423593 | DC3: -0.25891871 | DD3: -0.031636235 | DE3: 0.16039046 | DF3: -0.11251514 | DG3: -0.082270484 | DH3: -0.1046574 | DI3: 0.048360524 | DJ3: -0.057256595 | DK3: 0.044306651 | DL3: -0.01550485 | DM3: -0.11873725 | DN3: -0.022084537 | DO3: -0.093328814 | DP3: 0.16589996 | DQ3: 0.19277347 | DR3: -0.053222765 | DS3: 0.12855034 | DT3: -0.12713794 | DU3: -0.12167815 | DV3: -0.073321393 | DW3: 0.057692105 | DX3: 0.090231456 | DY3: -0.13571093 | DZ3: 0.20883876 | EA3: -0.10421373 | EB3: 0.19552286 | EC3: -0.083944739 | ED3: -0.041132651 | EE3: -0.11014068 | EF3: -0.037066133 | EG3: 0.080655585 | EH3: 0.17418837 | EI3: 0.10188061 | EJ3: -0.079899408 | EK3: -0.14702487 | EL3: -0.16515914
B4: size | C4: -0.14934537 | D4: -0.24734382 | E4: -0.25906124 | F4: -0.0055566834 | G4: 0.065085216 | H4: -0.029077598 | I4: 0.017791287 | J4: 0.042466158 | K4: -0.021006648 | L4: -0.044200315 | M4: -0.057877978 | N4: 0.00064362721 | O4: -0.18888099 | P4: -0.017141672 | Q4: 0.049706725 | R4: -0.099157666 | S4: -0.03041074 | T4: 0.11488319 | U4: 0.013221613 | V4: 0.048956471 | W4: 0.058935589 | X4: -0.16467437 | Y4: -0.18813682 | Z4: 0.06965691 | AA4: -0.015366071 | AB4: -0.06321985 | AC4: -0.078982008 | AD4: -0.030272547 | AE4: 0.024342451 | AF4: 0.13383876 | AG4: -0.0616011 | AH4: -0.092544716 | AI4: -0.026065576 | AJ4: 0.018359801 | AK4: 0.049856794 | AL4: -0.0060623931 | AM4: -0.159367 | AN4: -0.039146401 | AO4: -0.045070029 | AP4: 0.075288047 | AQ4: -0.098196076 | AR4: 0.086383001 | AS4: 0.068813106 | AT4: 0.046704564 | AU4: -0.042570548 | AV4: -0.22195205 | AW4: 0.082172494 | AX4: 0.016883597 | AY4: 0.12907395 | AZ4: 0.0015082503 | BA4: -0.11150448 | BB4: -0.21525994 | BC4: -0.057482345 | BD4: 0.0010836715 | BE4: 0.018778917 | BF4: 0.11348943 | BG4: -0.078526304 | BH4: -0.032954978 | BI4: -0.099003271 | BJ4: -0.14670769 | BK4: -0.049944347 | BL4: -0.022928883 | BM4: -0.045938779 | BN4: -0.0073256915 | BO4: 0.087168038 | BP4: 0.016127596 | BQ4: -0.067799319 | BR4: -0.0093122366 | BS4: -0.065299245 | BT4: -0.042502825 | BU4: 0.093104859 | BV4: 0.093350611 | BW4: -0.01348974 | BX4: -0.072291288 | BY4: -0.1549746 | BZ4: 0.17456977 | CA4: 0.037233529 | CB4: 0.05555731 | CC4: -0.17750462 | CD4: -0.11892673 | CE4: -0.013540234 | CF4: -0.12741232 | CG4: 0.07340686 | CH4: 0.072685158 | CI4: -0.054480085 | CJ4: 0.038731428 | CK4: 0.014180109 | CL4: -0.10899111 | CM4: -0.12331861 | CN4: 0.25398201 | CO4: 0.016527103 | CP4: 0.0015216844 | CQ4: -0.067959331 | CR4: -0.23495733 | CS4: -0.20790819 | CT4: -0.00014286611 | CU4: 0.022028282 | CV4: 0.068023845 | CW4: -0.088837318 | CX4: 0.052615859 | CY4: -0.1490697 | CZ4: -0.11103945 | DA4: -0.14434138 | DB4: 0.0027151748 | DC4: -0.097854823 | DD4: 0.10722226 | DE4: 0.047121439 | DF4: -0.019291063 | DG4: 0.0017896409 | DH4: 0.17350443 | DI4: -0.034040342 | DJ4: -0.099936135 | DK4: -0.13245231 | DL4: 0.093279908 | DM4: 0.17810124 | DN4: 0.13288395 | DO4: -0.12491951 | DP4: -0.094650071 | DQ4: -0.14995783 | DR4: 0.044038724 | DS4: 0.04591604 | DT4: -0.1600946 | DU4: 0.014044107 | DV4: 0.034743906 | DW4: 0.012575209 | DX4: -0.14539299 | DY4: 0.062173227 | DZ4: -0.052117915 | EA4: -0.25996993 | EB4: -0.11205949 | EC4: -0.071121648 | ED4: 0.0339891 | EE4: 0.212088 | EF4: 0.1754057 | EG4: -0.12656625 | EH4: -0.14481845 | EI4: -0.15568399 | EJ4: 0.20106067 | EK4: 0.24000764 | EL4: 0.19398234
B5: mom | C5: -0.35602255 | D5: -0.040090858 | E5: 0.52768591 | F5: 0.091621704 | G5: -0.33444542 | H5: 0.35557808 | I5: 0.11533693 | J5: -0.091390223 | K5: 0.37641591 | L5: -0.39095116 | M5: 0.1657012 | N5: -0.26143467 | O5: -0.061069486 | P5: 0.26091416 | Q5: 0.040937433 | R5: -0.13738348 | S5: 0.32196519 | T5: 0.15771856 | U5: -0.031493049 | V5: 0.20272926 | W5: -0.37900041 | X5: -0.1240504 | Y5: -0.60913639 | Z5: -0.087419029 | AA5: 0.024492819 | AB5: 0.078777301 | AC5: -0.11444914 | AD5: 0.2438413 | AE5: 0.082451057 | AF5: 0.18824066 | AG5: 0.094710949 | AH5: -0.30516586 | AI5: 0.15762472 | AJ5: -0.68021374 | AK5: 0.023239309 | AL5: -0.08758778 | AM5: 0.1083584 | AN5: 0.11169445 | AO5: 0.25326788 | AP5: 0.20792985 | AQ5: 0.26625785 | AR5: 0.093532219 | AS5: -0.14225322 | AT5: 0.1645902 | AU5: -0.29628044 | AV5: -0.079672837 | AW5: -0.021061638 | AX5: -0.16039195 | AY5: 0.029075612 | AZ5: 0.23443646 | BA5: -0.019543569 | BB5: 0.055326598 | BC5: -0.059611056 | BD5: -0.095611407 | BE5: 0.17767651 | BF5: -0.30632321 | BG5: -0.27950975 | BH5: -0.065627292 | BI5: 0.067576225 | BJ5: -0.37776638 | BK5: 0.17105761 | BL5: -0.15901657 | BM5: 0.29566312 | BN5: -0.0091185424 | BO5: -0.18708383 | BP5: -0.044541684 | BQ5: -0.26440415 | BR5: -0.17935638 | BS5: 0.093255604 | BT5: 0.2539102 | BU5: -0.2208865 | BV5: 0.11133754 | BW5: -0.02611015 | BX5: 0.078321918 | BY5: 0.036568448 | BZ5: -0.10165603 | CA5: 0.037823772 | CB5: -0.012533175 | CC5: -0.2883791 | CD5: 0.34067467 | CE5: -0.00060100561 | CF5: -0.12968637 | CG5: 0.15976747 | CH5: -0.23825236 | CI5: -0.028759771 | CJ5: -0.19238587 | CK5: 0.093012093 | CL5: 0.018732272 | CM5: -0.014405902 | CN5: -0.24513143 | CO5: 0.62382678 | CP5: 0.098069367 | CQ5: -0.34398024 | CR5: 0.2396559 | CS5: -0.16301461 | CT5: 0.20917057 | CU5: -0.13994756 | CV5: -0.14628801 | CW5: 0.31017321 | CX5: 0.25353916 | CY5: -0.79527742 | CZ5: 0.80355177 | DA5: -0.071187532 | DB5: 0.14203914 | DC5: 0.1768496 | DD5: -0.23476948 | DE5: -0.078915349 | DF5: -0.10893183 | DG5: -0.50647318 | DH5: 0.1775888 | DI5: 0.24345216 | DJ5: -0.63199691 | DK5: 0.76553813 | DL5: 0.11349876 | DM5: -0.45407241 | DN5: 0.53816463 | DO5: -0.26009015 | DP5: -0.068906335 | DQ5: -0.20285821 | DR5: 0.024517839 | DS5: -0.16671517 | DT5: 0.33878845 | DU5: -0.59979947 | DV5: 0.8351438 | DW5: -0.092557485 | DX5: -0.13301906 | DY5: 0.42357506 | DZ5: 0.30902986 | EA5: 0.18643695 | EB5: -0.89458161 | EC5: 0.046089797 | ED5: -0.19737598 | EE5: 0.32955547 | EF5: -0.12981612 | EG5: 0.41590936 | EH5: -0.17802462 | EI5: -0.30056729 | EJ5: 0.3783868 | EK5: -0.30609793 | EL5: 0.17941594
A7: Real
B8: Time | C8: 2013/12 | D8: 2014/01 | E8: 2014/02 | F8: 2014/03 | G8: 2014/04 | H8: 2014/05 | I8: 2014/06 | J8: 2014/07 | K8: 2014/08 | L8: 2014/09 | M8: 2014/10 | N8: 2014/11 | O8: 2014/12 | P8: 2015/01 | Q8: 2015/02 | R8: 2015/03 | S8: 2015/04 | T8: 2015/05 | U8: 2015/06 | V8: 2015/07 | W8: 2015/08 | X8: 2015/09 | Y8: 2015/10 | Z8: 2015/11 | AA8: 2015/12 | AB8: 2016/01 | AC8: 2016/02 | AD8: 2016/03 | AE8: 2016/04 | AF8: 2016/05 | AG8: 2016/06 | AH8: 2016/07 | AI8: 2016/08 | AJ8: 2016/09 | AK8: 2016/10 | AL8: 2016/11 | AM8: 2016/12 | AN8: 2017/01 | AO8: 2017/02 | AP8: 2017/03 | AQ8: 2017/04 | AR8: 2017/05 | AS8: 2017/06 | AT8: 2017/07 | AU8: 2017/08 | AV8: 2017/09 | AW8: 2017/10 | AX8: 2017/11 | AY8: 2017/12 | AZ8: 2018/01 | BA8: 2018/02 | BB8: 2018/03 | BC8: 2018/04 | BD8: 2018/05 | BE8: 2018/06 | BF8: 2018/07 | BG8: 2018/08 | BH8: 2018/09 | BI8: 2018/10 | BJ8: 2018/11 | BK8: 2018/12 | BL8: 2019/01 | BM8: 2019/02 | BN8: 2019/03 | BO8: 2019/04 | BP8: 2019/05 | BQ8: 2019/06 | BR8: 2019/07 | BS8: 2019/08 | BT8: 2019/09 | BU8: 2019/10 | BV8: 2019/11 | BW8: 2019/12 | BX8: 2020/01 | BY8: 2020/02 | BZ8: 2020/03 | CA8: 2020/04 | CB8: 2020/05 | CC8: 2020/06 | CD8: 2020/07 | CE8: 2020/08 | CF8: 2020/09 | CG8: 2020/10 | CH8: 2020/11 | CI8: 2020/12 | CJ8: 2021/01 | CK8: 2021/02 | CL8: 2021/03 | CM8: 2021/04 | CN8: 2021/05 | CO8: 2021/06 | CP8: 2021/07 | CQ8: 2021/08 | CR8: 2021/09 | CS8: 2021/10 | CT8: 2021/11 | CU8: 2021/12 | CV8: 2022/01 | CW8: 2022/02 | CX8: 2022/03 | CY8: 2022/04 | CZ8: 2022/05 | DA8: 2022/06 | DB8: 2022/07 | DC8: 2022/08 | DD8: 2022/09 | DE8: 2022/10 | DF8: 2022/11 | DG8: 2022/12 | DH8: 2023/01 | DI8: 2023/02 | DJ8: 2023/03 | DK8: 2023/04 | DL8: 2023/05 | DM8: 2023/06 | DN8: 2023/07 | DO8: 2023/08 | DP8: 2023/09 | DQ8: 2023/10 | DR8: 2023/11 | DS8: 2023/12 | DT8: 2024/01 | DU8: 2024/02 | DV8: 2024/03 | DW8: 2024/04 | DX8: 2024/05 | DY8: 2024/06 | DZ8: 2024/07 | EA8: 2024/08 | EB8: 2024/09 | EC8: 2024/10 | ED8: 2024/11 | EE8: 2024/12 | EF8: 2025/01 | EG8: 2025/02 | EH8: 2025/03 | EI8: 2025/04 | EJ8: 2025/05 | EK8: 2025/06 | EL8: 2025/07
B9: bm | C9: 0.11254353 | D9: 0.034097093 | E9: -0.034092261 | F9: -0.016058652 | G9: -0.0032385096 | H9: 0.037901102 | I9: 0.19658042 | J9: 0.123748 | K9: -0.0034480581 | L9: 0.056295168 | M9: -0.033270601 | N9: 0.13532466 | O9: 0.02969531 | P9: -0.075919536 | Q9: -0.062747606 | R9: 0.034334773 | S9: -0.11448918 | T9: -0.128411 | U9: -0.01815403 | V9: 0.097284226 | W9: 0.06448606 | X9: 0.1327038 | Y9: -0.14506291 | Z9: 0.15983802 | AA9: -0.079439674 | AB9: 0.065463771 | AC9: 0.10841757 | AD9: 0.035162094 | AE9: -0.13259397 | AF9: 0.079167282 | AG9: 0.1474472 | AH9: 0.10818108 | AI9: 0.031505046 | AJ9: 0.068324574 | AK9: 0.13938042 | AL9: 0.0015927447 | AM9: 0.11699323 | AN9: 0.18348806 | AO9: -0.013624633 | AP9: -0.10636754 | AQ9: -0.026929215 | AR9: 0.042036531 | AS9: 0.018696587 | AT9: 0.050640506 | AU9: 0.060413159 | AV9: -0.049074617 | AW9: 0.041357509 | AX9: 0.1327231 | AY9: 0.05462578 | AZ9: 0.015696796 | BA9: 0.012690345 | BB9: 0.10435302 | BC9: 0.027796633 | BD9: 0.015784322 | BE9: 0.053739938 | BF9: 0.15375844 | BG9: 0.14726982 | BH9: 0.058771535 | BI9: 0.089685564 | BJ9: -0.041235808 | BK9: -0.085734728 | BL9: 0.06541404 | BM9: -0.031368353 | BN9: 0.035359622 | BO9: 0.077704285 | BP9: -0.014539108 | BQ9: 0.054478665 | BR9: -0.011979953 | BS9: 0.061686425 | BT9: 0.017609737 | BU9: 0.001762998 | BV9: 0.079901428 | BW9: -0.026106377 | BX9: 0.022152374 | BY9: -0.070677725 | BZ9: 0.10127162 | CA9: -0.11166328 | CB9: 0.021342222 | CC9: -0.0047361279 | CD9: 0.17955101 | CE9: 0.061307643 | CF9: 0.091604774 | CG9: 0.097692005 | CH9: 0.15714712 | CI9: -0.088647186 | CJ9: -0.014935576 | CK9: 0.038208336 | CL9: 0.31725854 | CM9: -0.04994997 | CN9: -0.038447027 | CO9: 0.00071081192 | CP9: 0.14471258 | CQ9: 0.14928899 | CR9: -0.039801054 | CS9: -0.046545919 | CT9: 0.034133664 | CU9: 0.12875406 | CV9: 0.031635368 | CW9: 0.041194563 | CX9: 0.16319544 | CY9: -0.043115028 | CZ9: 0.22006844 | DA9: -0.04142373 | DB9: -0.011737974 | DC9: 0.10777107 | DD9: 0.067224014 | DE9: -0.040137128 | DF9: 0.036396903 | DG9: -0.098061051 | DH9: -0.012045848 | DI9: -0.089410575 | DJ9: 0.054992879 | DK9: -0.057186589 | DL9: -0.029284301 | DM9: -0.031402929 | DN9: 0.084413623 | DO9: 0.048170818 | DP9: 0.090346423 | DQ9: -0.11867639 | DR9: 0.11050757 | DS9: -0.073814619 | DT9: -0.10633883 | DU9: 0.0096230219 | DV9: 0.14417122 | DW9: 0.085312212 | DX9: -0.11038018 | DY9: 0.12870772 | DZ9: -0.053270106 | EA9: 0.17325686 | EB9: 0.012264442 | EC9: 0.077320493 | ED9: -0.16510374 | EE9: 0.077592443 | EF9: 0.056688315 | EG9: 0.1757144 | EH9: -0.050736759 | EI9: -0.032979675 | EJ9: -0.1750733 | EK9: 0.075703333 | EL9: -0.11145874
B10: size | C10: -0.26567505 | D10: -0.26274582 | E10: -0.078695496 | F10: 0.065706805 | G10: -0.059999729 | H10: -0.090782629 | I10: -0.029543457 | J10: 0.06875609 | K10: -0.045430805 | L10: 0.092349485 | M10: 0.0055332373 | N10: -0.20262956 | O10: -0.055439189 | P10: 0.063019438 | Q10: -0.051127471 | R10: -0.0026369264 | S10: 0.11737044 | T10: 0.028121058 | U10: 0.024399698 | V10: 0.0024693189 | W10: -0.12931199 | X10: -0.078183592 | Y10: -0.016789063 | Z10: -0.021755872 | AA10: 0.056064772 | AB10: -0.026152478 | AC10: -0.070545451 | AD10: -0.046059359 | AE10: 0.13302405 | AF10: -0.089277754 | AG10: -0.059320758 | AH10: -0.055248054 | AI10: -0.03443289 | AJ10: -0.0010118202 | AK10: 0.010080194 | AL10: -0.11988371 | AM10: -0.0052132143 | AN10: -0.10834391 | AO10: -0.058361176 | AP10: 0.010829655 | AQ10: 0.0091678033 | AR10: 0.094714182 | AS10: -0.024402385 | AT10: 0.0020132029 | AU10: -0.16715058 | AV10: 0.033972262 | AW10: -0.016836938 | AX10: -0.034706448 | AY10: 0.0051832253 | AZ10: -0.11973657 | BA10: -0.13521273 | BB10: 0.016982 | BC10: 0.023074368 | BD10: -0.11999454 | BE10: 0.12932848 | BF10: 0.016709915 | BG10: -0.022306747 | BH10: 0.039303081 | BI10: -0.10048888 | BJ10: -0.10199028 | BK10: 0.099875651 | BL10: -0.032934037 | BM10: 0.0262875 | BN10: 0.10734549 | BO10: -0.025606337 | BP10: 0.12241177 | BQ10: -0.045440179 | BR10: -0.071268977 | BS10: -0.068098859 | BT10: 0.092203282 | BU10: 0.082899618 | BV10: -0.041301127 | BW10: -0.099351182 | BX10: -0.038144887 | BY10: 0.11248742 | BZ10: -0.037880283 | CA10: -0.091542003 | CB10: -0.12463256 | CC10: -0.061699946 | CD10: -0.075868372 | CE10: -0.22128938 | CF10: 0.0086756078 | CG10: 0.031786264 | CH10: -0.037814116 | CI10: 0.049549068 | CJ10: -0.010429677 | CK10: -0.083344347 | CL10: -0.053422112 | CM10: 0.19037761 | CN10: 0.058217829 | CO10: -0.14266652 | CP10: 0.041776779 | CQ10: -0.16944775 | CR10: -0.084810245 | CS10: -0.03477087 | CT10: -0.11929695 | CU10: -0.017795179 | CV10: -0.014834128 | CW10: -0.046319066 | CX10: -0.09663469 | CY10: -0.078834385 | CZ10: -0.21252635 | DA10: -0.11368552 | DB10: -0.1831019 | DC10: -0.042499865 | DD10: 0.027817596 | DE10: 0.068607937 | DF10: -0.13309486 | DG10: 0.22249787 | DH10: -0.13075878 | DI10: -0.10969183 | DJ10: -0.11047372 | DK10: 0.085555392 | DL10: -0.037902764 | DM10: 0.083550635 | DN10: -0.055064654 | DO10: -0.091404376 | DP10: -0.14635791 | DQ10: 0.07258441 | DR10: -0.036982983 | DS10: -0.15848873 | DT10: -0.076734871 | DU10: 0.1465233 | DV10: 0.0092142529 | DW10: -0.12809453 | DX10: -0.057788778 | DY10: -0.10353071 | DZ10: -0.053247234 | EA10: -0.11101122 | EB10: -0.057337042 | EC10: 0.053167127 | ED10: 0.055871006 | EE10: 0.15335804 | EF10: -0.11423136 | EG10: -0.044005617 | EH10: 0.017544152 | EI10: 0.086430773 | EJ10: 0.13519055 | EK10: 0.12749822 | EL10: -0.030403121
B11: mom | C11: -0.024114963 | D11: 0.1401006 | E11: -0.0054828677 | F11: -0.04806796 | G11: 0.098556491 | H11: 0.0040265399 | I11: -0.054392917 | J11: -0.00078467923 | K11: 0.03198565 | L11: -0.0052053083 | M11: 0.083785175 | N11: -0.056914478 | O11: 0.06851042 | P11: 0.028609346 | Q11: 0.066853829 | R11: -0.0022018586 | S11: 0.13430089 | T11: 0.13091808 | U11: 0.013133991 | V11: 0.026183164 | W11: -0.094297429 | X11: -0.30132339 | Y11: 0.10842895 | Z11: -0.14174493 | AA11: 0.11702124 | AB11: -0.022180044 | AC11: -0.086460961 | AD11: 0.021464874 | AE11: 0.15421824 | AF11: -0.14648945 | AG11: -0.047015552 | AH11: 0.019690199 | AI11: 0.039309116 | AJ11: -0.026623525 | AK11: -0.025125102 | AL11: -0.10344397 | AM11: 0.06190072 | AN11: 0.076731055 | AO11: 0.098982723 | AP11: 0.054076693 | AQ11: -0.030251892 | AR11: 0.00044910599 | AS11: 0.070194262 | AT11: 0.17429282 | AU11: -0.081385666 | AV11: 0.15075612 | AW11: 0.057401718 | AX11: -0.15692285 | AY11: 0.047095412 | AZ11: -0.057117988 | BA11: -0.022411435 | BB11: -0.15274623 | BC11: 0.022968193 | BD11: 0.0010412666 | BE11: -0.13310703 | BF11: -0.19610968 | BG11: -0.18881309 | BH11: -0.10071704 | BI11: -0.12578122 | BJ11: -0.010946697 | BK11: -0.061548923 | BL11: -0.15045858 | BM11: 0.12760274 | BN11: -0.017866803 | BO11: -0.025323955 | BP11: 0.040051232 | BQ11: -0.042262606 | BR11: 0.17888215 | BS11: -0.099129045 | BT11: 0.040560012 | BU11: 0.063241856 | BV11: -0.096181909 | BW11: -0.13606285 | BX11: -0.0050219314 | BY11: 0.11233989 | BZ11: 0.034223088 | CA11: 0.070051209 | CB11: 0.023662883 | CC11: 0.093938184 | CD11: -0.029913967 | CE11: -0.10685236 | CF11: -0.058583352 | CG11: -0.1185641 | CH11: -0.047815465 | CI11: -0.061561116 | CJ11: 0.22741941 | CK11: 0.1332388 | CL11: 0.040261514 | CM11: -0.073899374 | CN11: 0.24689459 | CO11: -0.10444084 | CP11: -0.017008494 | CQ11: -0.20843471 | CR11: -0.083953984 | CS11: 0.08662128 | CT11: -0.02628501 | CU11: -0.29981484 | CV11: 0.24030007 | CW11: 0.09157936 | CX11: -0.099166296 | CY11: 0.10766172 | CZ11: -0.054245194 | DA11: 0.08253219 | DB11: 0.13651007 | DC11: -0.013925396 | DD11: -0.13979564 | DE11: -0.09411437 | DF11: 0.052829966 | DG11: -0.19928626 | DH11: 0.10213914 | DI11: 0.037772798 | DJ11: 0.065447994 | DK11: 0.059654622 | DL11: 0.095335574 | DM11: 0.040485912 | DN11: 0.0034939953 | DO11: -0.10610844 | DP11: -0.24479189 | DQ11: 0.21383696 | DR11: 0.010889666 | DS11: 0.13411936 | DT11: 0.12417191 | DU11: 0.078095889 | DV11: -0.053915428 | DW11: -0.023828252 | DX11: 0.066514734 | DY11: 0.019361307 | DZ11: 0.018750008 | EA11: -0.28354334 | EB11: -0.13389241 | EC11: -0.022714427 | ED11: 0.044607042 | EE11: -0.129061 | EF11: -0.065742552 | EG11: -0.11722283 | EH11: -0.026547499 | EI11: -0.033015556 | EJ11: 0.045977173 | EK11: -0.069235534 | EL11: 0.014684336
A13: 差距平方 | B13: bm | C13: =(C3-C9)^2 -> 0.0095300079 | D13: =(D3-D9)^2 -> 0.025486036 | E13: =(E3-E9)^2 -> 0.0050032345 | F13: =(F3-F9)^2 -> 0.0018713437 | G13: =(G3-G9)^2 -> 0.0020080274 | H13: =(H3-H9)^2 -> 0.005712923 | I13: =(I3-I9)^2 -> 0.11459505 | J13: =(J3-J9)^2 -> 0.011174296 | ... EL13: =(EL3-EL9)^2 -> 0.0028837326
B14: size | C14: =(C4-C10)^2 -> 0.013532595 | D14: =(D4-D10)^2 -> 0.00023722154 | E14: =(E4-E10)^2 -> 0.032531801 | F14: =(F4-F10)^2 -> 0.0050784849 | G14: =(G4-G10)^2 -> 0.015646243 | H14: =(H4-H10)^2 -> 0.0038075108 | I14: =(I4-I10)^2 -> 0.002240578 | J14: =(J4-J10)^2 -> 0.00069116055 | ... EL14: =(EL4-EL10)^2 -> 0.050348837
B15: mom | C15: =(C5-C11)^2 -> 0.11016265 | D15: =(D5-D11)^2 -> 0.032468962 | E15: =(E5-E11)^2 -> 0.28426895 | F15: =(F5-F11)^2 -> 0.019513202 | G15: =(G5-G11)^2 -> 0.18749065 | H15: =(H5-H11)^2 -> 0.12358848 | I15: =(I5-I11)^2 -> 0.028808221 | J15: =(J5-J11)^2 -> 0.0082093646 | ... EL15: =(EL5-EL11)^2 -> 0.027136503
A17: 真實平方 | B17: bm | C17: =C9^2 -> 0.012666046 | D17: =D9^2 -> 0.0011626117 | E17: =E9^2 -> 0.0011622822 | F17: =F9^2 -> 0.00025788031 | G17: =G9^2 -> 1.0487944e-05 | H17: =H9^2 -> 0.0014364935 | I17: =I9^2 -> 0.038643863 | J17: =J9^2 -> 0.015313568 | ... EL17: =EL9^2 -> 0.01242305
B18: size | C18: =C10^2 -> 0.070583235 | D18: =D10^2 -> 0.069035366 | E18: =E10^2 -> 0.0061929811 | F18: =F10^2 -> 0.0043173843 | G18: =G10^2 -> 0.0035999674 | H18: =H10^2 -> 0.0082414856 | I18: =I10^2 -> 0.00087281585 | J18: =J10^2 -> 0.0047273999 | ... EL18: =EL10^2 -> 0.00092434977
B19: mom | C19: =C11^2 -> 0.00058153143 | D19: =D11^2 -> 0.019628178 | E19: =E11^2 -> 3.0061839e-05 | F19: =F11^2 -> 0.0023105288 | G19: =G11^2 -> 0.009713382 | H19: =H11^2 -> 1.6213023e-05 | I19: =I11^2 -> 0.0029585894 | J19: =J11^2 -> 6.1572149e-07 | ... EL19: =EL11^2 -> 0.00021562973
A21: R-Square | B21: =1-SUM(C13:EL15)/SUM(C17:EL19) -> -3.7103395

Sheet 畫圖0
A1: Real
B2: Time | C2: 2013/12 | D2: 2014/01 | E2: 2014/02 | F2: 2014/03 | G2: 2014/04 | H2: 2014/05 | I2: 2014/06 | J2: 2014/07 | K2: 2014/08 | L2: 2014/09 | M2: 2014/10 | N2: 2014/11 | O2: 2014/12 | P2: 2015/01 | Q2: 2015/02 | R2: 2015/03 | S2: 2015/04 | T2: 2015/05 | U2: 2015/06 | V2: 2015/07 | W2: 2015/08 | X2: 2015/09 | Y2: 2015/10 | Z2: 2015/11 | AA2: 2015/12 | AB2: 2016/01 | AC2: 2016/02 | AD2: 2016/03 | AE2: 2016/04 | AF2: 2016/05 | AG2: 2016/06 | AH2: 2016/07 | AI2: 2016/08 | AJ2: 2016/09 | AK2: 2016/10 | AL2: 2016/11 | AM2: 2016/12 | AN2: 2017/01 | AO2: 2017/02 | AP2: 2017/03 | AQ2: 2017/04 | AR2: 2017/05 | AS2: 2017/06 | AT2: 2017/07 | AU2: 2017/08 | AV2: 2017/09 | AW2: 2017/10 | AX2: 2017/11 | AY2: 2017/12 | AZ2: 2018/01 | BA2: 2018/02 | BB2: 2018/03 | BC2: 2018/04 | BD2: 2018/05 | BE2: 2018/06 | BF2: 2018/07 | BG2: 2018/08 | BH2: 2018/09 | BI2: 2018/10 | BJ2: 2018/11 | BK2: 2018/12 | BL2: 2019/01 | BM2: 2019/02 | BN2: 2019/03 | BO2: 2019/04 | BP2: 2019/05 | BQ2: 2019/06 | BR2: 2019/07 | BS2: 2019/08 | BT2: 2019/09 | BU2: 2019/10 | BV2: 2019/11 | BW2: 2019/12 | BX2: 2020/01 | BY2: 2020/02 | BZ2: 2020/03 | CA2: 2020/04 | CB2: 2020/05 | CC2: 2020/06 | CD2: 2020/07 | CE2: 2020/08 | CF2: 2020/09 | CG2: 2020/10 | CH2: 2020/11 | CI2: 2020/12 | CJ2: 2021/01 | CK2: 2021/02 | CL2: 2021/03 | CM2: 2021/04 | CN2: 2021/05 | CO2: 2021/06 | CP2: 2021/07 | CQ2: 2021/08 | CR2: 2021/09 | CS2: 2021/10 | CT2: 2021/11 | CU2: 2021/12 | CV2: 2022/01 | CW2: 2022/02 | CX2: 2022/03 | CY2: 2022/04 | CZ2: 2022/05 | DA2: 2022/06 | DB2: 2022/07 | DC2: 2022/08 | DD2: 2022/09 | DE2: 2022/10 | DF2: 2022/11 | DG2: 2022/12 | DH2: 2023/01 | DI2: 2023/02 | DJ2: 2023/03 | DK2: 2023/04 | DL2: 2023/05 | DM2: 2023/06 | DN2: 2023/07 | DO2: 2023/08 | DP2: 2023/09 | DQ2: 2023/10 | DR2: 2023/11 | DS2: 2023/12 | DT2: 2024/01 | DU2: 2024/02 | DV2: 2024/03 | DW2: 2024/04 | DX2: 2024/05 | DY2: 2024/06 | DZ2: 2024/07 | EA2: 2024/08 | EB2: 2024/09 | EC2: 2024/10 | ED2: 2024/11 | EE2: 2024/12 | EF2: 2025/01 | EG2: 2025/02 | EH2: 2025/03 | EI2: 2025/04 | EJ2: 2025/05 | EK2: 2025/06 | EL2: 2025/07
B3: bm | C3: 0.11254353 | D3: 0.034097093 | E3: -0.034092261 | F3: -0.016058652 | G3: -0.0032385096 | H3: 0.037901102 | I3: 0.19658042 | J3: 0.123748 | K3: -0.0034480581 | L3: 0.056295168 | M3: -0.033270601 | N3: 0.13532466 | O3: 0.02969531 | P3: -0.075919536 | Q3: -0.062747606 | R3: 0.034334773 | S3: -0.11448918 | T3: -0.128411 | U3: -0.01815403 | V3: 0.097284226 | W3: 0.06448606 | X3: 0.1327038 | Y3: -0.14506291 | Z3: 0.15983802 | AA3: -0.079439674 | AB3: 0.065463771 | AC3: 0.10841757 | AD3: 0.035162094 | AE3: -0.13259397 | AF3: 0.079167282 | AG3: 0.1474472 | AH3: 0.10818108 | AI3: 0.031505046 | AJ3: 0.068324574 | AK3: 0.13938042 | AL3: 0.0015927447 | AM3: 0.11699323 | AN3: 0.18348806 | AO3: -0.013624633 | AP3: -0.10636754 | AQ3: -0.026929215 | AR3: 0.042036531 | AS3: 0.018696587 | AT3: 0.050640506 | AU3: 0.060413159 | AV3: -0.049074617 | AW3: 0.041357509 | AX3: 0.1327231 | AY3: 0.05462578 | AZ3: 0.015696796 | BA3: 0.012690345 | BB3: 0.10435302 | BC3: 0.027796633 | BD3: 0.015784322 | BE3: 0.053739938 | BF3: 0.15375844 | BG3: 0.14726982 | BH3: 0.058771535 | BI3: 0.089685564 | BJ3: -0.041235808 | BK3: -0.085734728 | BL3: 0.06541404 | BM3: -0.031368353 | BN3: 0.035359622 | BO3: 0.077704285 | BP3: -0.014539108 | BQ3: 0.054478665 | BR3: -0.011979953 | BS3: 0.061686425 | BT3: 0.017609737 | BU3: 0.001762998 | BV3: 0.079901428 | BW3: -0.026106377 | BX3: 0.022152374 | BY3: -0.070677725 | BZ3: 0.10127162 | CA3: -0.11166328 | CB3: 0.021342222 | CC3: -0.0047361279 | CD3: 0.17955101 | CE3: 0.061307643 | CF3: 0.091604774 | CG3: 0.097692005 | CH3: 0.15714712 | CI3: -0.088647186 | CJ3: -0.014935576 | CK3: 0.038208336 | CL3: 0.31725854 | CM3: -0.04994997 | CN3: -0.038447027 | CO3: 0.00071081192 | CP3: 0.14471258 | CQ3: 0.14928899 | CR3: -0.039801054 | CS3: -0.046545919 | CT3: 0.034133664 | CU3: 0.12875406 | CV3: 0.031635368 | CW3: 0.041194563 | CX3: 0.16319544 | CY3: -0.043115028 | CZ3: 0.22006844 | DA3: -0.04142373 | DB3: -0.011737974 | DC3: 0.10777107 | DD3: 0.067224014 | DE3: -0.040137128 | DF3: 0.036396903 | DG3: -0.098061051 | DH3: -0.012045848 | DI3: -0.089410575 | DJ3: 0.054992879 | DK3: -0.057186589 | DL3: -0.029284301 | DM3: -0.031402929 | DN3: 0.084413623 | DO3: 0.048170818 | DP3: 0.090346423 | DQ3: -0.11867639 | DR3: 0.11050757 | DS3: -0.073814619 | DT3: -0.10633883 | DU3: 0.0096230219 | DV3: 0.14417122 | DW3: 0.085312212 | DX3: -0.11038018 | DY3: 0.12870772 | DZ3: -0.053270106 | EA3: 0.17325686 | EB3: 0.012264442 | EC3: 0.077320493 | ED3: -0.16510374 | EE3: 0.077592443 | EF3: 0.056688315 | EG3: 0.1757144 | EH3: -0.050736759 | EI3: -0.032979675 | EJ3: -0.1750733 | EK3: 0.075703333 | EL3: -0.11145874
B4: size | C4: -0.26567505 | D4: -0.26274582 | E4: -0.078695496 | F4: 0.065706805 | G4: -0.059999729 | H4: -0.090782629 | I4: -0.029543457 | J4: 0.06875609 | K4: -0.045430805 | L4: 0.092349485 | M4: 0.0055332373 | N4: -0.20262956 | O4: -0.055439189 | P4: 0.063019438 | Q4: -0.051127471 | R4: -0.0026369264 | S4: 0.11737044 | T4: 0.028121058 | U4: 0.024399698 | V4: 0.0024693189 | W4: -0.12931199 | X4: -0.078183592 | Y4: -0.016789063 | Z4: -0.021755872 | AA4: 0.056064772 | AB4: -0.026152478 | AC4: -0.070545451 | AD4: -0.046059359 | AE4: 0.13302405 | AF4: -0.089277754 | AG4: -0.059320758 | AH4: -0.055248054 | AI4: -0.03443289 | AJ4: -0.0010118202 | AK4: 0.010080194 | AL4: -0.11988371 | AM4: -0.0052132143 | AN4: -0.10834391 | AO4: -0.058361176 | AP4: 0.010829655 | AQ4: 0.0091678033 | AR4: 0.094714182 | AS4: -0.024402385 | AT4: 0.0020132029 | AU4: -0.16715058 | AV4: 0.033972262 | AW4: -0.016836938 | AX4: -0.034706448 | AY4: 0.0051832253 | AZ4: -0.11973657 | BA4: -0.13521273 | BB4: 0.016982 | BC4: 0.023074368 | BD4: -0.11999454 | BE4: 0.12932848 | BF4: 0.016709915 | BG4: -0.022306747 | BH4: 0.039303081 | BI4: -0.10048888 | BJ4: -0.10199028 | BK4: 0.099875651 | BL4: -0.032934037 | BM4: 0.0262875 | BN4: 0.10734549 | BO4: -0.025606337 | BP4: 0.12241177 | BQ4: -0.045440179 | BR4: -0.071268977 | BS4: -0.068098859 | BT4: 0.092203282 | BU4: 0.082899618 | BV4: -0.041301127 | BW4: -0.099351182 | BX4: -0.038144887 | BY4: 0.11248742 | BZ4: -0.037880283 | CA4: -0.091542003 | CB4: -0.12463256 | CC4: -0.061699946 | CD4: -0.075868372 | CE4: -0.22128938 | CF4: 0.0086756078 | CG4: 0.031786264 | CH4: -0.037814116 | CI4: 0.049549068 | CJ4: -0.010429677 | CK4: -0.083344347 | CL4: -0.053422112 | CM4: 0.19037761 | CN4: 0.058217829 | CO4: -0.14266652 | CP4: 0.041776779 | CQ4: -0.16944775 | CR4: -0.084810245 | CS4: -0.03477087 | CT4: -0.11929695 | CU4: -0.017795179 | CV4: -0.014834128 | CW4: -0.046319066 | CX4: -0.09663469 | CY4: -0.078834385 | CZ4: -0.21252635 | DA4: -0.11368552 | DB4: -0.1831019 | DC4: -0.042499865 | DD4: 0.027817596 | DE4: 0.068607937 | DF4: -0.13309486 | DG4: 0.22249787 | DH4: -0.13075878 | DI4: -0.10969183 | DJ4: -0.11047372 | DK4: 0.085555392 | DL4: -0.037902764 | DM4: 0.083550635 | DN4: -0.055064654 | DO4: -0.091404376 | DP4: -0.14635791 | DQ4: 0.07258441 | DR4: -0.036982983 | DS4: -0.15848873 | DT4: -0.076734871 | DU4: 0.1465233 | DV4: 0.0092142529 | DW4: -0.12809453 | DX4: -0.057788778 | DY4: -0.10353071 | DZ4: -0.053247234 | EA4: -0.11101122 | EB4: -0.057337042 | EC4: 0.053167127 | ED4: 0.055871006 | EE4: 0.15335804 | EF4: -0.11423136 | EG4: -0.044005617 | EH4: 0.017544152 | EI4: 0.086430773 | EJ4: 0.13519055 | EK4: 0.12749822 | EL4: -0.030403121
B5: mom | C5: -0.024114963 | D5: 0.1401006 | E5: -0.0054828677 | F5: -0.04806796 | G5: 0.098556491 | H5: 0.0040265399 | I5: -0.054392917 | J5: -0.00078467923 | K5: 0.03198565 | L5: -0.0052053083 | M5: 0.083785175 | N5: -0.056914478 | O5: 0.06851042 | P5: 0.028609346 | Q5: 0.066853829 | R5: -0.0022018586 | S5: 0.13430089 | T5: 0.13091808 | U5: 0.013133991 | V5: 0.026183164 | W5: -0.094297429 | X5: -0.30132339 | Y5: 0.10842895 | Z5: -0.14174493 | AA5: 0.11702124 | AB5: -0.022180044 | AC5: -0.086460961 | AD5: 0.021464874 | AE5: 0.15421824 | AF5: -0.14648945 | AG5: -0.047015552 | AH5: 0.019690199 | AI5: 0.039309116 | AJ5: -0.026623525 | AK5: -0.025125102 | AL5: -0.10344397 | AM5: 0.06190072 | AN5: 0.076731055 | AO5: 0.098982723 | AP5: 0.054076693 | AQ5: -0.030251892 | AR5: 0.00044910599 | AS5: 0.070194262 | AT5: 0.17429282 | AU5: -0.081385666 | AV5: 0.15075612 | AW5: 0.057401718 | AX5: -0.15692285 | AY5: 0.047095412 | AZ5: -0.057117988 | BA5: -0.022411435 | BB5: -0.15274623 | BC5: 0.022968193 | BD5: 0.0010412666 | BE5: -0.13310703 | BF5: -0.19610968 | BG5: -0.18881309 | BH5: -0.10071704 | BI5: -0.12578122 | BJ5: -0.010946697 | BK5: -0.061548923 | BL5: -0.15045858 | BM5: 0.12760274 | BN5: -0.017866803 | BO5: -0.025323955 | BP5: 0.040051232 | BQ5: -0.042262606 | BR5: 0.17888215 | BS5: -0.099129045 | BT5: 0.040560012 | BU5: 0.063241856 | BV5: -0.096181909 | BW5: -0.13606285 | BX5: -0.0050219314 | BY5: 0.11233989 | BZ5: 0.034223088 | CA5: 0.070051209 | CB5: 0.023662883 | CC5: 0.093938184 | CD5: -0.029913967 | CE5: -0.10685236 | CF5: -0.058583352 | CG5: -0.1185641 | CH5: -0.047815465 | CI5: -0.061561116 | CJ5: 0.22741941 | CK5: 0.1332388 | CL5: 0.040261514 | CM5: -0.073899374 | CN5: 0.24689459 | CO5: -0.10444084 | CP5: -0.017008494 | CQ5: -0.20843471 | CR5: -0.083953984 | CS5: 0.08662128 | CT5: -0.02628501 | CU5: -0.29981484 | CV5: 0.24030007 | CW5: 0.09157936 | CX5: -0.099166296 | CY5: 0.10766172 | CZ5: -0.054245194 | DA5: 0.08253219 | DB5: 0.13651007 | DC5: -0.013925396 | DD5: -0.13979564 | DE5: -0.09411437 | DF5: 0.052829966 | DG5: -0.19928626 | DH5: 0.10213914 | DI5: 0.037772798 | DJ5: 0.065447994 | DK5: 0.059654622 | DL5: 0.095335574 | DM5: 0.040485912 | DN5: 0.0034939953 | DO5: -0.10610844 | DP5: -0.24479189 | DQ5: 0.21383696 | DR5: 0.010889666 | DS5: 0.13411936 | DT5: 0.12417191 | DU5: 0.078095889 | DV5: -0.053915428 | DW5: -0.023828252 | DX5: 0.066514734 | DY5: 0.019361307 | DZ5: 0.018750008 | EA5: -0.28354334 | EB5: -0.13389241 | EC5: -0.022714427 | ED5: 0.044607042 | EE5: -0.129061 | EF5: -0.065742552 | EG5: -0.11722283 | EH5: -0.026547499 | EI5: -0.033015556 | EJ5: 0.045977173 | EK5: -0.069235534 | EL5: 0.014684336
A6: 絕對值最大 | C6: {=MATCH(MAX(ABS(C3:C5)), ABS(C3:C5), 0)} -> 2 | D6: {=MATCH(MAX(ABS(D3:D5)), ABS(D3:D5), 0)} -> 2 | E6: {=MATCH(MAX(ABS(E3:E5)), ABS(E3:E5), 0)} -> 2 | F6: {=MATCH(MAX(ABS(F3:F5)), ABS(F3:F5), 0)} -> 2 | G6: {=MATCH(MAX(ABS(G3:G5)), ABS(G3:G5), 0)} -> 3 | H6: {=MATCH(MAX(ABS(H3:H5)), ABS(H3:H5), 0)} -> 2 | I6: {=MATCH(MAX(ABS(I3:I5)), ABS(I3:I5), 0)} -> 1 | J6: {=MATCH(MAX(ABS(J3:J5)), ABS(J3:J5), 0)} -> 1 | ... EL6: {=MATCH(MAX(ABS(EL3:EL5)), ABS(EL3:EL5), 0)} -> 1
C7: =IF(C6=1,"bm",IF(C6=2,"size",IF(C6=3,"mom"))) -> size | D7: =IF(D6=1,"bm",IF(D6=2,"size",IF(D6=3,"mom"))) -> size | E7: =IF(E6=1,"bm",IF(E6=2,"size",IF(E6=3,"mom"))) -> size | F7: =IF(F6=1,"bm",IF(F6=2,"size",IF(F6=3,"mom"))) -> size | G7: =IF(G6=1,"bm",IF(G6=2,"size",IF(G6=3,"mom"))) -> mom | H7: =IF(H6=1,"bm",IF(H6=2,"size",IF(H6=3,"mom"))) -> size | I7: =IF(I6=1,"bm",IF(I6=2,"size",IF(I6=3,"mom"))) -> bm | J7: =IF(J6=1,"bm",IF(J6=2,"size",IF(J6=3,"mom"))) -> bm | ... EL7: =IF(EL6=1,"bm",IF(EL6=2,"size",IF(EL6=3,"mom"))) -> bm
C8: =IF(C6=1,C3,IF(C6=2,C4,IF(C6=3,C5))) -> -0.26567505 | D8: =IF(D6=1,D3,IF(D6=2,D4,IF(D6=3,D5))) -> -0.26274582 | E8: =IF(E6=1,E3,IF(E6=2,E4,IF(E6=3,E5))) -> -0.078695496 | F8: =IF(F6=1,F3,IF(F6=2,F4,IF(F6=3,F5))) -> 0.065706805 | G8: =IF(G6=1,G3,IF(G6=2,G4,IF(G6=3,G5))) -> 0.098556491 | H8: =IF(H6=1,H3,IF(H6=2,H4,IF(H6=3,H5))) -> -0.090782629 | I8: =IF(I6=1,I3,IF(I6=2,I4,IF(I6=3,I5))) -> 0.19658042 | J8: =IF(J6=1,J3,IF(J6=2,J4,IF(J6=3,J5))) -> 0.123748 | ... EL8: =IF(EL6=1,EL3,IF(EL6=2,EL4,IF(EL6=3,EL5))) -> -0.11145874
A10: 投資組合 | C10: 公司數 | D10: 1051
B11: 等分 | C11: 2013/12 | D11: 2014/01 | E11: 2014/02 | F11: 2014/03 | G11: 2014/04 | H11: 2014/05 | I11: 2014/06 | J11: 2014/07 | K11: 2014/08 | L11: 2014/09 | M11: 2014/10 | N11: 2014/11 | O11: 2014/12 | P11: 2015/01 | Q11: 2015/02 | R11: 2015/03 | S11: 2015/04 | T11: 2015/05 | U11: 2015/06 | V11: 2015/07 | W11: 2015/08 | X11: 2015/09 | Y11: 2015/10 | Z11: 2015/11 | AA11: 2015/12 | AB11: 2016/01 | AC11: 2016/02 | AD11: 2016/03 | AE11: 2016/04 | AF11: 2016/05 | AG11: 2016/06 | AH11: 2016/07 | AI11: 2016/08 | AJ11: 2016/09 | AK11: 2016/10 | AL11: 2016/11 | AM11: 2016/12 | AN11: 2017/01 | AO11: 2017/02 | AP11: 2017/03 | AQ11: 2017/04 | AR11: 2017/05 | AS11: 2017/06 | AT11: 2017/07 | AU11: 2017/08 | AV11: 2017/09 | AW11: 2017/10 | AX11: 2017/11 | AY11: 2017/12 | AZ11: 2018/01 | BA11: 2018/02 | BB11: 2018/03 | BC11: 2018/04 | BD11: 2018/05 | BE11: 2018/06 | BF11: 2018/07 | BG11: 2018/08 | BH11: 2018/09 | BI11: 2018/10 | BJ11: 2018/11 | BK11: 2018/12 | BL11: 2019/01 | BM11: 2019/02 | BN11: 2019/03 | BO11: 2019/04 | BP11: 2019/05 | BQ11: 2019/06 | BR11: 2019/07 | BS11: 2019/08 | BT11: 2019/09 | BU11: 2019/10 | BV11: 2019/11 | BW11: 2019/12 | BX11: 2020/01 | BY11: 2020/02 | BZ11: 2020/03 | CA11: 2020/04 | CB11: 2020/05 | CC11: 2020/06 | CD11: 2020/07 | CE11: 2020/08 | CF11: 2020/09 | CG11: 2020/10 | CH11: 2020/11 | CI11: 2020/12 | CJ11: 2021/01 | CK11: 2021/02 | CL11: 2021/03 | CM11: 2021/04 | CN11: 2021/05 | CO11: 2021/06 | CP11: 2021/07 | CQ11: 2021/08 | CR11: 2021/09 | CS11: 2021/10 | CT11: 2021/11 | CU11: 2021/12 | CV11: 2022/01 | CW11: 2022/02 | CX11: 2022/03 | CY11: 2022/04 | CZ11: 2022/05 | DA11: 2022/06 | DB11: 2022/07 | DC11: 2022/08 | DD11: 2022/09 | DE11: 2022/10 | DF11: 2022/11 | DG11: 2022/12 | DH11: 2023/01 | DI11: 2023/02 | DJ11: 2023/03 | DK11: 2023/04 | DL11: 2023/05 | DM11: 2023/06 | DN11: 2023/07 | DO11: 2023/08 | DP11: 2023/09 | DQ11: 2023/10 | DR11: 2023/11 | DS11: 2023/12 | DT11: 2024/01 | DU11: 2024/02 | DV11: 2024/03 | DW11: 2024/04 | DX11: 2024/05 | DY11: 2024/06 | DZ11: 2024/07 | EA11: 2024/08 | EB11: 2024/09 | EC11: 2024/10 | ED11: 2024/11 | EE11: 2024/12 | EF11: 2025/01 | EG11: 2025/02 | EH11: 2025/03 | EI11: 2025/04 | EJ11: 2025/05 | EK11: 2025/06 | EL11: 2025/07
B12: 10 | C12: 0.098199502 | D12: =C12+真實IC!D12 -> 0.2010233 | E12: =D12+真實IC!E12 -> 0.23928508 | F12: =E12+真實IC!F12 -> 0.24663019 | G12: =F12+真實IC!G12 -> 0.27940295 | H12: =G12+真實IC!H12 -> 0.32246596 | I12: =H12+真實IC!I12 -> 0.36907793 | J12: =I12+真實IC!J12 -> 0.42575959 | K12: =J12+真實IC!K12 -> 0.45378502 | ... EL12: =EK12+真實IC!EL12 -> 6.1321067
B13: 20 | C13: 0.12107776 | D13: =C13+真實IC!D13 -> 0.20458304 | E13: =D13+真實IC!E13 -> 0.25380215 | F13: =E13+真實IC!F13 -> 0.29178931 | G13: =F13+真實IC!G13 -> 0.30857353 | H13: =G13+真實IC!H13 -> 0.3378248 | I13: =H13+真實IC!I13 -> 0.3872609 | J13: =I13+真實IC!J13 -> 0.44725061 | K13: =J13+真實IC!K13 -> 0.46504056 | ... EL13: =EK13+真實IC!EL13 -> 7.0925932
B14: 50 | C14: 0.13220513 | D14: =C14+真實IC!D14 -> 0.24801793 | E14: =D14+真實IC!E14 -> 0.33165736 | F14: =E14+真實IC!F14 -> 0.37909894 | G14: =F14+真實IC!G14 -> 0.45418431 | H14: =G14+真實IC!H14 -> 0.53039532 | I14: =H14+真實IC!I14 -> 0.61270891 | J14: =I14+真實IC!J14 -> 0.67680005 | K14: =J14+真實IC!K14 -> 0.71491569 | ... EL14: =EK14+真實IC!EL14 -> 8.713001
B15: 110 | C15: 0.24155842 | D15: =C15+真實IC!D15 -> 0.41534734 | E15: =D15+真實IC!E15 -> 0.489917 | F15: =E15+真實IC!F15 -> 0.57169903 | G15: =F15+真實IC!G15 -> 0.5742348 | H15: =G15+真實IC!H15 -> 0.65605045 | I15: =H15+真實IC!I15 -> 0.78434684 | J15: =I15+真實IC!J15 -> 0.9197055 | K15: =J15+真實IC!K15 -> 0.9512136 | ... EL15: =EK15+真實IC!EL15 -> 10.110233
B16: 120 | C16: 0.26072771 | D16: =C16+真實IC!D16 -> 0.44498622 | E16: =D16+真實IC!E16 -> 0.51947188 | F16: =E16+真實IC!F16 -> 0.57252908 | G16: =F16+真實IC!G16 -> 0.66087746 | H16: =G16+真實IC!H16 -> 0.74345875 | I16: =H16+真實IC!I16 -> 0.8820871 | J16: =I16+真實IC!J16 -> 1.0319479 | K16: =J16+真實IC!K16 -> 1.0617868 | ... EL16: =EK16+真實IC!EL16 -> 10.823964
B17: 130 | C17: 0.23789705 | D17: =C17+真實IC!D17 -> 0.41922834 | E17: =D17+真實IC!E17 -> 0.49593097 | F17: =E17+真實IC!F17 -> 0.552422 | G17: =F17+真實IC!G17 -> 0.64120368 | H17: =G17+真實IC!H17 -> 0.68115697 | I17: =H17+真實IC!I17 -> 0.83492539 | J17: =I17+真實IC!J17 -> 0.9945664 | K17: =J17+真實IC!K17 -> 1.011191 | ... EL17: =EK17+真實IC!EL17 -> 11.358464
B18: 150 | C18: 0.24368729 | D18: =C18+真實IC!D18 -> 0.44297004 | E18: =D18+真實IC!E18 -> 0.54315503 | F18: =E18+真實IC!F18 -> 0.57282098 | G18: =F18+真實IC!G18 -> 0.64831165 | H18: =G18+真實IC!H18 -> 0.71036433 | I18: =H18+真實IC!I18 -> 0.8585759 | J18: =I18+真實IC!J18 -> 1.0517755 | K18: =J18+真實IC!K18 -> 1.0973524 | ... EL18: =EK18+真實IC!EL18 -> 11.99349
B19: 180 | C19: 0.25825037 | D19: =C19+真實IC!D19 -> 0.4664181 | E19: =D19+真實IC!E19 -> 0.54023695 | F19: =E19+真實IC!F19 -> 0.55877622 | G19: =F19+真實IC!G19 -> 0.67159005 | H19: =G19+真實IC!H19 -> 0.75812384 | I19: =H19+真實IC!I19 -> 0.94125682 | J19: =I19+真實IC!J19 -> 1.1473121 | K19: =J19+真實IC!K19 -> 1.1901934 | ... EL19: =EK19+真實IC!EL19 -> 11.91724
B20: 200 | C20: 0.24103575 | D20: =C20+真實IC!D20 -> 0.4649885 | E20: =D20+真實IC!E20 -> 0.51380357 | F20: =E20+真實IC!F20 -> 0.48639172 | G20: =F20+真實IC!G20 -> 0.61965889 | H20: =G20+真實IC!H20 -> 0.74699175 | I20: =H20+真實IC!I20 -> 0.96122025 | J20: =I20+真實IC!J20 -> 1.190226 | K20: =J20+真實IC!K20 -> 1.2709246 | ... EL20: =EK20+真實IC!EL20 -> 12.193604
B21: 256 | C21: 0.24900647 | D21: =C21+真實IC!D21 -> 0.43625479 | E21: =D21+真實IC!E21 -> 0.50653706 | F21: =E21+真實IC!F21 -> 0.57594634 | G21: =F21+真實IC!G21 -> 0.63840194 | H21: =G21+真實IC!H21 -> 0.72191114 | I21: =H21+真實IC!I21 -> 0.93926542 | J21: =I21+真實IC!J21 -> 1.2243008 | K21: =J21+真實IC!K21 -> 1.2886358 | ... EL21: =EK21+真實IC!EL21 -> 13.040922
B22: 400 | C22: 0.28886619 | D22: =C22+真實IC!D22 -> 0.32543991 | E22: =D22+真實IC!E22 -> 0.30808481 | F22: =E22+真實IC!F22 -> 0.44795226 | G22: =F22+真實IC!G22 -> 0.55183663 | H22: =G22+真實IC!H22 -> 0.62034732 | I22: =H22+真實IC!I22 -> 0.83730538 | J22: =I22+真實IC!J22 -> 1.2133989 | K22: =J22+真實IC!K22 -> 1.2420556 | ... EL22: =EK22+真實IC!EL22 -> 13.445128
B23: 512 | C23: 0.28298927 | D23: =C23+真實IC!D23 -> 0.308562 | E23: =D23+真實IC!E23 -> 0.4415672 | F23: =E23+真實IC!F23 -> 0.44530743 | G23: =F23+真實IC!G23 -> 0.41833586 | H23: =G23+真實IC!H23 -> 0.40014739 | I23: =H23+真實IC!I23 -> 0.54829942 | J23: =I23+真實IC!J23 -> 0.66033477 | K23: =J23+真實IC!K23 -> 0.60041689 | ... EL23: =EK23+真實IC!EL23 -> 13.853804
B24: 1051 | C24: 0.099113364 | D24: =C24+真實IC!D24 -> 0.19972328 | E24: =D24+真實IC!E24 -> 0.48423577 | F24: =E24+真實IC!F24 -> 0.40890928 | G24: =F24+真實IC!G24 -> 0.38628689 | H24: =G24+真實IC!H24 -> 0.42214269 | I24: =H24+真實IC!I24 -> 0.42003076 | J24: =I24+真實IC!J24 -> 0.3657286 | K24: =J24+真實IC!K24 -> 0.4194616 | ... EL24: =EK24+真實IC!EL24 -> 14.240267
B25: 大盤 | C25: -0.017446771 | D25: =C25+真實IC!D25 -> 0.00325429 | E25: =D25+真實IC!E25 -> 0.027236419 | F25: =E25+真實IC!F25 -> 0.02067884 | G25: =F25+真實IC!G25 -> 0.05252397 | H25: =G25+真實IC!H25 -> 0.086872503 | I25: =H25+真實IC!I25 -> 0.07861757 | J25: =I25+真實IC!J25 -> 0.091461094 | K25: =J25+真實IC!K25 -> 0.04044257 | ... EL25: =EK25+真實IC!EL25 -> 1.0346198

Sheet 混淆矩陣
A1: OLS
A2: 預測值 | B2: Time | C2: 2013/12 | D2: 2014/01 | E2: 2014/02 | F2: 2014/03 | G2: 2014/04 | H2: 2014/05 | I2: 2014/06 | J2: 2014/07 | K2: 2014/08 | L2: 2014/09 | M2: 2014/10 | N2: 2014/11 | O2: 2014/12 | P2: 2015/01 | Q2: 2015/02 | R2: 2015/03 | S2: 2015/04 | T2: 2015/05 | U2: 2015/06 | V2: 2015/07 | W2: 2015/08 | X2: 2015/09 | Y2: 2015/10 | Z2: 2015/11 | AA2: 2015/12 | AB2: 2016/01 | AC2: 2016/02 | AD2: 2016/03 | AE2: 2016/04 | AF2: 2016/05 | AG2: 2016/06 | AH2: 2016/07 | AI2: 2016/08 | AJ2: 2016/09 | AK2: 2016/10 | AL2: 2016/11 | AM2: 2016/12 | AN2: 2017/01 | AO2: 2017/02 | AP2: 2017/03 | AQ2: 2017/04 | AR2: 2017/05 | AS2: 2017/06 | AT2: 2017/07 | AU2: 2017/08 | AV2: 2017/09 | AW2: 2017/10 | AX2: 2017/11 | AY2: 2017/12 | AZ2: 2018/01 | BA2: 2018/02 | BB2: 2018/03 | BC2: 2018/04 | BD2: 2018/05 | BE2: 2018/06 | BF2: 2018/07 | BG2: 2018/08 | BH2: 2018/09 | BI2: 2018/10 | BJ2: 2018/11 | BK2: 2018/12 | BL2: 2019/01 | BM2: 2019/02 | BN2: 2019/03 | BO2: 2019/04 | BP2: 2019/05 | BQ2: 2019/06 | BR2: 2019/07 | BS2: 2019/08 | BT2: 2019/09 | BU2: 2019/10 | BV2: 2019/11 | BW2: 2019/12 | BX2: 2020/01 | BY2: 2020/02 | BZ2: 2020/03 | CA2: 2020/04 | CB2: 2020/05 | CC2: 2020/06 | CD2: 2020/07 | CE2: 2020/08 | CF2: 2020/09 | CG2: 2020/10 | CH2: 2020/11 | CI2: 2020/12 | CJ2: 2021/01 | CK2: 2021/02 | CL2: 2021/03 | CM2: 2021/04 | CN2: 2021/05 | CO2: 2021/06 | CP2: 2021/07 | CQ2: 2021/08 | CR2: 2021/09 | CS2: 2021/10 | CT2: 2021/11 | CU2: 2021/12 | CV2: 2022/01 | CW2: 2022/02 | CX2: 2022/03 | CY2: 2022/04 | CZ2: 2022/05 | DA2: 2022/06 | DB2: 2022/07 | DC2: 2022/08 | DD2: 2022/09 | DE2: 2022/10 | DF2: 2022/11 | DG2: 2022/12 | DH2: 2023/01 | DI2: 2023/02 | DJ2: 2023/03 | DK2: 2023/04 | DL2: 2023/05 | DM2: 2023/06 | DN2: 2023/07 | DO2: 2023/08 | DP2: 2023/09 | DQ2: 2023/10 | DR2: 2023/11 | DS2: 2023/12 | DT2: 2024/01 | DU2: 2024/02 | DV2: 2024/03 | DW2: 2024/04 | DX2: 2024/05 | DY2: 2024/06 | DZ2: 2024/07 | EA2: 2024/08 | EB2: 2024/09 | EC2: 2024/10 | ED2: 2024/11 | EE2: 2024/12 | EF2: 2025/01 | EG2: 2025/02 | EH2: 2025/03 | EI2: 2025/04 | EJ2: 2025/05 | EK2: 2025/06 | EL2: 2025/07
